shipper_id,shipper_name,shipper_phone,shipper_gender,shipper_age,shipper_marital_status,shipper_education,shipper_experience_years,shipper_rating,working_shift,join_date
SHP00001,Bùi Văn Long,991476209.0,Male,27.0,Married,Bachelor,7,5.0,Evening,2026-03-17
SHP00002,Trần Anh Khánh,959297982.0,Male,41.0,Married,Bachelor,2,4.9,Afternoon,2025-01-29
SHP00003,Hoàng Thị Khánh,927142576.0,Male,30.0,Single,High School,10,4.8,Evening,2019-11-13
SHP00004,Trần Đức Vy,971617475.0,Female,42.0,Married,College,8,5.0,Evening,2025-12-22
SHP00005,Trần Minh Cường,979196342.0,Male,31.0,Married,College,10,4.6,Morning,2019-12-19
SHP00006,Võ Thanh Nam,951235544.0,Female,41.0,Married,Bachelor,9,4.7,Afternoon,2024-02-02
SHP00007,Hoàng Anh Hùng,987597617.0,Female,34.0,Single,High School,6,4.4,Afternoon,2024-06-06
SHP00008,Phạm Thanh Trang,914419500.0,Female,34.0,Married,Bachelor,5,4.7,Afternoon,2022-03-11
SHP00009,Nguyễn Thanh Bình,909770946.0,Female,53.0,Married,College,12,4.3,Evening,2022-10-06
SHP00010,Bùi Đức Bình,921691981.0,Male,31.0,Single,Bachelor,8,4.5,Evening,2022-08-10
SHP00011,Võ Thị Hùng,940850445.0,Female,43.0,Single,High School,5,4.6,Afternoon,2023-03-23
SHP00012,Nguyễn Thị Bình,972210652.0,Female,49.0,Single,Bachelor,6,4.7,Morning,2023-10-01
SHP00013,Lê Anh Hà,984678290.0,Female,39.0,Single,College,10,4.2,Morning,2025-10-28
SHP00014,Lê Gia Vy,971290529.0,Male,50.0,Single,Bachelor,8,4.8,Evening,2018-02-10
SHP00015,Bùi Văn Hùng,946414069.0,Female,48.0,Single,Bachelor,1,4.3,Afternoon,2024-12-22
SHP00016,Bùi Văn Trang,926827357.0,Male,55.0,Married,High School,6,4.9,Afternoon,2020-01-05
SHP00017,Bùi Thị Hùng,908818611.0,Female,51.0,Married,College,11,5.0,Afternoon,2025-08-24
SHP00018,Lê Gia Phong,902541877.0,Female,52.0,Single,College,7,4.3,Afternoon,2020-08-27
SHP00019,Đặng Văn Nam,991210929.0,Female,46.0,Single,Bachelor,2,4.8,Evening,2023-11-03
SHP00020,Hoàng Đức Giang,903070385.0,Female,53.0,Married,High School,6,5.0,Afternoon,2025-03-30
SHP00021,Lê Quốc Trang,960718218.0,Female,48.0,Married,Bachelor,12,4.3,Morning,2023-12-12
SHP00022,Lê Thanh Nam,988804431.0,Male,54.0,Single,Bachelor,7,4.8,Morning,2018-06-29
SHP00023,Bùi Văn Hà,928729869.0,Male,36.0,Single,College,6,4.6,Evening,2023-11-06
SHP00024,Hoàng Thị Nam,993822938.0,Female,55.0,Married,High School,3,4.5,Evening,2023-07-11
SHP00025,Trần Đức Cường,922791841.0,Male,33.0,Single,High School,10,4.6,Evening,2021-05-19
SHP00026,Nguyễn Thanh Hùng,902981241.0,Male,37.0,Single,High School,11,4.3,Afternoon,2025-11-16
SHP00027,Hoàng Thị Giang,902650261.0,Female,47.0,Married,High School,9,4.4,Evening,2018-02-04
SHP00028,Hoàng Đức Quân,983104398.0,Male,29.0,Single,College,8,4.6,Afternoon,2023-06-05
SHP00029,Võ Quốc Hùng,938481552.0,Male,36.0,Single,College,8,4.3,Morning,2023-03-28
SHP00030,Hoàng Văn Trang,956294981.0,Male,46.0,Single,High School,4,4.2,Morning,2019-04-11
SHP00031,Lê Thanh Nam,956649092.0,Female,53.0,Single,Bachelor,7,4.4,Afternoon,2021-11-19
SHP00032,Đặng Văn Nam,961242116.0,Female,24.0,Single,High School,6,4.8,Afternoon,2023-06-14
SHP00033,Võ Gia Giang,996960250.0,Female,29.0,Married,High School,9,5.0,Evening,2022-02-07
SHP00034,Đặng Thị Vy,983912150.0,Female,47.0,Married,College,7,4.7,Evening,2018-08-28
SHP00035,Trần Văn Hùng,986963662.0,Male,54.0,Married,High School,2,4.7,Morning,2020-05-03
SHP00036,Phạm Gia An,974640157.0,Female,34.0,Single,Bachelor,3,4.7,Morning,2022-01-21
SHP00037,Phạm Quốc Dũng,936758027.0,Female,40.0,Single,Bachelor,9,4.3,Morning,2020-07-16
SHP00038,Bùi Quốc Trang,961999001.0,Female,53.0,Single,College,3,4.4,Evening,2019-10-25
SHP00039,Phạm Đức Giang,954844436.0,Female,31.0,Single,High School,8,4.9,Evening,2021-08-03
SHP00040,Phạm Gia An,938877986.0,Male,36.0,Married,High School,12,4.4,Morning,2023-10-04
SHP00041,Phạm Thị Hà,927179809.0,Male,38.0,Married,College,12,4.9,Morning,2023-03-21
SHP00042,Nguyễn Quốc Trang,986734203.0,Male,51.0,Married,High School,7,5.0,Evening,2019-11-02
SHP00043,Bùi Thị Trang,912757576.0,Female,38.0,Married,Bachelor,2,4.6,Morning,2021-02-21
SHP00044,Nguyễn Thị Cường,920549207.0,Female,34.0,Married,Bachelor,12,5.0,Morning,2018-06-10
SHP00045,Nguyễn Thanh Giang,995279807.0,Male,27.0,Married,Bachelor,7,4.8,Evening,2018-01-12
SHP00046,Nguyễn Đức Cường,919341832.0,Male,34.0,Married,High School,8,5.0,Afternoon,2023-07-07
SHP00047,Phạm Quốc Sơn,926716571.0,Male,42.0,Single,High School,10,4.6,Afternoon,2022-01-09
SHP00048,Nguyễn Thị Vy,946448535.0,Male,51.0,Married,Bachelor,9,4.9,Afternoon,2024-12-01
SHP00049,Đặng Đức Dũng,944279003.0,Male,24.0,Married,Bachelor,6,4.8,Afternoon,2023-04-11
SHP00050,Hoàng Gia Hùng,990945189.0,Female,49.0,Single,College,12,4.4,Morning,2019-05-27
SHP00051,Đặng Anh Hà,980366393.0,Female,42.0,Single,College,9,4.6,Afternoon,2019-02-16
SHP00052,Phạm Anh Hùng,933172868.0,Female,38.0,Married,College,4,4.7,Evening,2025-06-27
SHP00053,Nguyễn Đức Bình,943102331.0,Female,54.0,Single,Bachelor,8,4.7,Evening,2018-02-20
SHP00054,Nguyễn Quốc Phong,998883340.0,Female,50.0,Married,High School,9,4.7,Evening,2023-03-14
SHP00055,Hoàng Văn Trang,900482857.0,Female,34.0,Single,Bachelor,5,4.2,Morning,2022-09-03
SHP00056,Nguyễn Minh Long,951583055.0,Male,55.0,Married,High School,8,4.9,Morning,2023-12-09
SHP00057,Võ Thị Sơn,937417919.0,Male,26.0,Single,Bachelor,7,4.6,Evening,2024-02-09
SHP00058,Bùi Thanh Hùng,956897812.0,Male,39.0,Married,College,11,4.6,Evening,2018-02-11
SHP00059,Nguyễn Minh Quân,907366403.0,Male,55.0,Single,Bachelor,7,5.0,Evening,2021-05-08
SHP00060,Bùi Thanh Cường,904584927.0,Male,39.0,Married,Bachelor,11,4.7,Afternoon,2022-11-21
SHP00061,Lê Anh Quân,956517585.0,Male,32.0,Single,High School,1,4.8,Evening,2019-12-17
SHP00062,Trần Văn Sơn,954653513.0,Female,47.0,Single,Bachelor,1,4.3,Morning,2025-12-16
SHP00063,Nguyễn Thanh Vy,922698939.0,Female,38.0,Married,Bachelor,8,4.6,Evening,2019-04-28
SHP00064,Nguyễn Gia Quân,937230018.0,Male,39.0,Married,Bachelor,12,4.8,Afternoon,2018-07-24
SHP00065,Nguyễn Quốc Trang,906371317.0,Male,39.0,Married,High School,2,4.8,Evening,2023-06-24
SHP00066,Lê Thị Phong,943623439.0,Female,49.0,Married,Bachelor,8,4.6,Morning,2022-08-30
SHP00067,Nguyễn Quốc Hà,947066875.0,Male,47.0,Single,Bachelor,5,4.7,Morning,2023-09-13
SHP00068,Trần Quốc Long,924139334.0,Male,47.0,Single,College,2,4.6,Morning,2025-10-13
SHP00069,Hoàng Thị Giang,968458783.0,Female,34.0,Single,College,10,4.5,Morning,2019-01-21
SHP00070,Phạm Anh Cường,913921412.0,Female,55.0,Single,College,9,4.3,Morning,2024-10-29
SHP00071,Bùi Thị Hà,975678108.0,Male,34.0,Married,High School,12,4.7,Afternoon,2023-04-22
SHP00072,Trần Đức Hùng,987226165.0,Male,51.0,Single,College,12,4.6,Morning,2023-07-02
SHP00073,Phạm Văn Phong,982262009.0,Female,51.0,Married,College,8,4.9,Morning,2023-10-28
SHP00074,Lê Minh Phong,969920920.0,Female,52.0,Married,High School,10,4.5,Morning,2022-05-13
SHP00075,Phạm Anh Hùng,989436113.0,Female,33.0,Married,Bachelor,11,4.3,Afternoon,2024-10-03
SHP00076,Trần Thanh Long,933140008.0,Male,29.0,Married,Bachelor,10,4.7,Afternoon,2020-09-25
SHP00077,Trần Văn Giang,931398461.0,Female,38.0,Married,Bachelor,9,4.7,Morning,2019-11-11
SHP00078,Đặng Văn Bình,999125359.0,Female,29.0,Single,High School,11,5.0,Evening,2025-09-25
SHP00079,Đặng Thanh An,993275153.0,Male,46.0,Married,Bachelor,11,4.5,Morning,2018-09-09
SHP00080,Lê Minh Khánh,944508698.0,Male,55.0,Single,Bachelor,11,4.6,Afternoon,2018-03-11
