product_id,product_name,category,segment,size,color,price,cogs
1,BambooCraft UC-21,Streetwear,Everyday,L,orange,19529.37,16287.49458
2,MekongFit UC-07,Streetwear,Everyday,M,purple,4409.37,3289.39002
3,SaigonFlex UC-59,Streetwear,Everyday,L,white,42.9087348704,24.5004825229
4,HanoiStreet UM-36,Streetwear,Balanced,S,orange,9109.17,8653.7115
5,SaigonFlex UC-97,Streetwear,Everyday,S,orange,4844.7,2618.07588
6,SaigonFlex UM-13,Streetwear,Balanced,S,pink,16386.0676744186,15566.7642906977
7,VietMotion UC-07,Streetwear,Everyday,XL,yellow,5399.82590126,3136.7588660419
8,VietMode RS-03,Outdoor,Premium,M,purple,3747.24,2006.272296
9,VietMode RS-10,Outdoor,Premium,S,orange,3873.24,2666.338416
10,MekongFit RS-06,Outdoor,Premium,L,pink,4700.3520359281,4323.8538378503
11,DragonWear RS-04,Outdoor,Premium,XL,black,4787.37,4096.552509
12,HanoiStreet UR-05,Streetwear,Standard,XL,yellow,24.1188020561,15.5390972361
13,SaigonCore UE-28,Streetwear,Performance,M,blue,6713.7,3936.91368
14,MekongFit UR-02,Streetwear,Standard,M,purple,4040.82,3302.966268
15,VietMode RP-53,Outdoor,Activewear,M,black,4524.5025,2532.36404925
16,HanoiStreet YY-10,GenZ,Trendy,M,yellow,1383.8754922566,862.5695943236
17,HanoiStreet RP-19,Outdoor,Activewear,XL,black,1763.37,1675.2015
18,SaigonCore YY-55,GenZ,Trendy,S,red,2319.87,1394.473857
19,UrbanVN RP-19,Outdoor,Activewear,S,white,36.3882464671,20.0315112813
20,PhoenixWear UE-15,Streetwear,Performance,L,orange,48.7867127569,29.5363443188
21,VietMode RP-37,Outdoor,Activewear,M,purple,70.3026714348,44.8426683748
22,SaigonFlex UE-09,Streetwear,Performance,M,black,6740.37,5806.828755
23,HanoiStreet UC-56,Streetwear,Everyday,M,blue,4262.3538341969,3732.1170172228
24,MekongFit UM-01,Streetwear,Balanced,S,white,8199.4636532508,7789.4904705882
25,VietMode RP-17,Outdoor,Activewear,M,purple,3680.2366555184,2233.5356262341
26,VietMotion UR-09,Streetwear,Standard,L,green,34.4255281311,21.0578439705
27,SaigonCore YY-22,GenZ,Trendy,XL,silver,3026.87,1800.684963
28,DragonWear UR-23,Streetwear,Standard,S,orange,27.2718376239,15.9666304832
29,UrbanVN UM-01,Streetwear,Balanced,L,white,7359.5680830671,5306.2485878914
30,DragonWear MA-07,Casual,All-weather,XL,silver,5306.9975,3533.92963525
31,MekongFit UR-03,Streetwear,Standard,L,green,63.6223307774,35.5743425106
32,DragonWear UE-02,Streetwear,Performance,L,white,8386.0304347826,7570.0696734783
33,MekongFit UC-23,Streetwear,Everyday,M,black,9335.13,8663.00064
34,PhoenixWear UE-03,Streetwear,Performance,L,red,5932.9453012048,4969.4349842892
35,VietMode MA-44,Casual,All-weather,S,pink,9126.5620481928,6083.7662613253
36,VietMode RS-17,Outdoor,Premium,XL,yellow,63.5258060753,35.4973723599
37,VietMode MA-35,Casual,All-weather,XL,yellow,6504.1598275862,6178.9518362069
38,VietMode RS-73,Outdoor,Premium,XL,purple,42.337223193,25.5141154507
39,BambooCraft UC-23,Streetwear,Everyday,S,white,8222.5278947368,5716.3013924211
40,UrbanVN RP-24,Outdoor,Activewear,M,yellow,3728.773125,2876.7484659375
41,MekongFit RP-54,Outdoor,Activewear,S,pink,1920.87,1074.150504
42,HanoiStreet UR-04,Streetwear,Standard,L,pink,46.5707813079,26.6928429334
43,NamStyle YY-23,GenZ,Trendy,S,orange,3086.37,2034.843741
44,HanoiStreet UC-09,Streetwear,Everyday,L,green,8360.9906896552,4980.6421538276
45,LotusWear UE-98,Streetwear,Performance,M,silver,17.8095463899,10.3905237224
46,VietMode RP-34,Outdoor,Activewear,L,orange,5598.4315699659,3566.2009100683
47,VietMotion MA-16,Casual,All-weather,L,orange,3857.9935483871,3393.1053258065
48,DragonWear UR-15,Streetwear,Standard,S,white,5789.7,5500.215
49,UrbanVN UC-05,Streetwear,Everyday,L,red,6299.1109539474,5095.9807617434
50,MekongFit UR-06,Streetwear,Standard,M,yellow,440.37,418.3515
51,VietMode MP-15,Casual,Activewear,XL,silver,5983.74,5684.553
52,VietMode RS-23,Outdoor,Premium,M,purple,5039.37,4674.519612
53,UrbanVN UC-17,Streetwear,Everyday,L,orange,4066.0944094488,3089.4185322992
54,DragonWear UM-25,Streetwear,Balanced,L,pink,52.6379968011,33.9202374909
55,VietMode RP-50,Outdoor,Activewear,L,pink,4912.74,4573.269666
56,VietMode RP-37,Outdoor,Activewear,M,purple,4695.1036363636,2763.5380003636
57,DragonWear UM-09,Streetwear,Balanced,L,orange,36.3393609993,22.6475069976
58,VietMode RP-25,Outdoor,Activewear,M,blue,4346.3294685315,4129.0129951049
59,LotusWear UE-05,Streetwear,Performance,S,white,31.0464886595,18.3757041979
60,HanoiStreet YY-12,GenZ,Trendy,XL,black,3527.37,2848.351275
61,HanoiStreet UE-01,Streetwear,Performance,S,orange,20.5224077542,12.1275355514
62,MekongFit UE-18,Streetwear,Performance,L,orange,2220.5676228209,2109.5392416799
63,HanoiStreet MA-09,Casual,All-weather,L,orange,3720.7118918919,3306.5966583243
64,PhoenixWear UM-12,Streetwear,Balanced,M,black,7559.25,6029.2578
65,VietMode RP-20,Outdoor,Activewear,S,pink,36.2179049964,22.753484061199998
66,UrbanVN RP-50,Outdoor,Activewear,XL,purple,692.3085964912,657.6931666667
67,VietMotion UE-12,Streetwear,Performance,L,pink,18.4413240878,10.1630060123
68,VietMotion UE-23,Streetwear,Performance,M,yellow,27.9870490962,17.254118409
69,DragonWear UM-20,Streetwear,Balanced,M,blue,12532.0318181818,7611.9561263636
70,DragonWear UM-06,Streetwear,Balanced,XL,yellow,36.6054501359,20.8106849943
71,HanoiStreet RS-08,Outdoor,Premium,S,white,1932.1680997625,1751.3171656247
72,VietMode RP-67,Outdoor,Activewear,XL,purple,33.8618822691,21.3255824331
73,HanoiStreet RP-60,Outdoor,Activewear,S,orange,,1835.397459
74,SaigonCore UE-19,Streetwear,Performance,S,white,7238.7,5703.37173
75,SaigonFlex UC-95,Streetwear,Everyday,L,red,6176.85,3866.090415
76,VietMode MP-08,Casual,Activewear,S,red,5669.37,5385.9015
77,DragonWear UM-35,Streetwear,Balanced,S,pink,11844.0,9063.0288
78,MekongFit RP-39,Outdoor,Activewear,M,blue,711.0279925651,525.02306971
79,MekongFit MA-10,Casual,All-weather,S,orange,2991.8146397188,2762.6416383163
80,VietMode RP-34,Outdoor,Activewear,L,orange,4865.7170111732,4293.9952623603
81,HanoiStreet RS-17,Outdoor,Premium,M,blue,3464.37,3291.1515
82,VietMode RP-43,Outdoor,Activewear,XL,black,5038.74,4786.803
83,VietMotion YY-10,GenZ,Trendy,M,black,2015.37,1140.900957
84,HanoiStreet RP-51,Outdoor,Activewear,XL,blue,3884.3831348511,2371.8043421401
85,PhoenixWear UM-02,Streetwear,Balanced,XL,black,6929.37,5689.01277
86,HanoiStreet UE-03,Streetwear,Performance,L,white,45.8332737738,27.7385135332
87,SaigonCore YY-38,GenZ,Trendy,XL,blue,1704.7910526316,1064.9829705789
88,VietMode RS-16,Outdoor,Premium,L,pink,34.111613978,20.527385661
89,HanoiStreet RP-79,Outdoor,Activewear,XL,black,811.8865136952,584.9642331174
90,MekongStyle UC-14,Streetwear,Everyday,L,orange,14486.85,11301.191685
91,HanoiStreet MA-16,Casual,All-weather,M,yellow,40.7615243442,24.1560183419
92,DragonWear UM-38,Streetwear,Balanced,XL,black,9513.0,9037.35
93,LotusWear UE-37,Streetwear,Performance,S,green,32.6588309424,20.310676884
94,UrbanVN UE-03,Streetwear,Performance,XL,blue,9308.5464705882,5375.6855867647
95,HanoiStreet UC-27,Streetwear,Everyday,S,white,3906.5101392111,2223.9762222529
96,DragonWear RP-21,Outdoor,Activewear,L,green,5043.402,4791.2319
97,MekongFit UE-04,Streetwear,Performance,S,pink,4290.5766420664,4000.1046033985
98,PhoenixWear UC-04,Streetwear,Everyday,L,white,5039.37,2880.503892
99,BambooCraft UM-03,Streetwear,Balanced,M,purple,23.2535317918,13.3311555407
100,BambooCraft UM-17,Streetwear,Balanced,XL,yellow,12504.4916216216,11879.2670405405
101,UrbanVN UR-27,Streetwear,Standard,S,white,37.446745676,23.061397961
102,UrbanVN RS-12,Outdoor,Premium,M,blue,1448.37,800.514099
103,UrbanVN MA-05,Casual,All-weather,S,orange,3973.6901335878,2680.6513641183
104,HanoiStreet RP-66,Outdoor,Activewear,L,pink,1477.4889495225,1174.3082170805
105,VietMode RP-56,Outdoor,Activewear,S,white,3275.37,2097.874485
106,HanoiStreet UM-22,Streetwear,Balanced,L,pink,10919.37,10373.4015
107,SaigonFlex UC-22,Streetwear,Everyday,M,silver,10090.4426045016,7554.7143779904
108,MekongFit UC-27,Streetwear,Everyday,M,purple,2511.495,2353.773114
109,MekongStyle UC-08,Streetwear,Everyday,S,green,69.4711302235,42.8768364516
110,VietMode RS-45,Outdoor,Premium,XL,silver,5235.274109589,4973.5104041096
111,SaigonFlex UC-83,Streetwear,Everyday,L,pink,14262.4125,13549.291875
112,HanoiStreet UM-35,Streetwear,Balanced,XL,black,35.4907596248,22.6643201232
113,VietMode RP-39,Outdoor,Activewear,XL,silver,3892.4508661417,3697.8283228346
114,HanoiStreet UE-31,Streetwear,Performance,L,orange,5687.85,2991.240315
115,SaigonCore YY-16,GenZ,Trendy,M,black,3791.745,3602.15775
116,SaigonFlex UC-15,Streetwear,Everyday,L,red,6110.1062665528,5804.6009532251
117,UrbanVN RP-40,Outdoor,Activewear,M,purple,1070.37,1016.8515
118,LotusWear UR-18,Streetwear,Standard,L,green,8877.4269230769,4855.9525269231
119,SaigonCore YY-12,GenZ,Trendy,M,silver,2735.5351376147,2598.7583807339
120,VietMotion RP-47,Outdoor,Activewear,L,red,1511.37,944.455113
121,VietMotion UE-03,Streetwear,Performance,M,yellow,25.0075745868,15.3832104176
122,DragonWear UM-28,Streetwear,Balanced,M,black,23.8486371384,13.2107779979
123,VietMode RS-14,Outdoor,Premium,S,green,2706.4070121951,2571.0866615854
124,VietMode UE-05,Streetwear,Performance,XL,purple,5857.74,4998.409542
125,SaigonFlex UM-42,Streetwear,Balanced,M,silver,9651.796875,9169.20703125
126,SaigonFlex UC-57,Streetwear,Everyday,S,orange,11573.637804878,7346.9452785366
127,MekongFit UR-01,Streetwear,Standard,S,white,4987.5217241379,4154.1068440345
128,VietMode RP-13,Outdoor,Activewear,M,black,5164.74,3993.893442
129,MekongFit RP-48,Outdoor,Activewear,L,orange,2676.87,2543.0265
130,LotusWear UE-10,Streetwear,Performance,M,yellow,10606.05,10075.7475
131,VietMode RP-84,Outdoor,Activewear,S,orange,2068.3202760736,1296.4231490429
132,MekongFit UE-16,Streetwear,Performance,S,red,6400.8317067834,3691.359645302
133,SaigonFlex UM-75,Streetwear,Balanced,L,red,12524.8736931818,7330.8085726193
134,VietMode RP-99,Outdoor,Activewear,XL,silver,5076.2105882353,4041.1712492941
135,UrbanVN UC-18,Streetwear,Everyday,XL,blue,3872.0795914742,3180.9133843961
136,HanoiStreet UM-12,Streetwear,Balanced,S,pink,10146.7368947368,8943.3338990211
137,SaigonFlex UC-07,Streetwear,Everyday,L,orange,10862.1209497207,7602.3984527095
138,VietMode RP-52,Outdoor,Activewear,S,red,4629.24,4397.778
139,PhoenixWear UE-02,Streetwear,Performance,M,yellow,5228.37,4966.9515
140,SaigonFlex UM-88,Streetwear,Balanced,XL,blue,19535.0117910448,18558.2612014925
141,LotusWear UE-04,Streetwear,Performance,XL,blue,7286.85,6664.55301
142,VietMotion UR-04,Streetwear,Standard,M,black,33.3948446627,21.0987527355
143,VietMode RP-00,Outdoor,Activewear,S,pink,1537.08912,1460.234664
144,UrbanVN RP-35,Outdoor,Activewear,S,red,1177.47,615.81681
145,VietMode RS-65,Outdoor,Premium,XL,silver,31.6604662182,18.8453171967
146,DragonWear UR-38,Streetwear,Standard,XL,silver,24.87537893,14.2243732279
147,VietMotion UC-20,Streetwear,Everyday,S,orange,4787.37,2481.772608
148,DragonWear MA-13,Casual,All-weather,M,blue,5260.3,4066.73793
149,LotusWear UE-18,Streetwear,Performance,M,silver,8483.475,6521.2472325
150,VietMode UR-03,Streetwear,Standard,L,red,5353.74,4705.93746
151,VietMode RP-11,Outdoor,Activewear,XL,yellow,5669.1502325581,4481.4632588372
152,HanoiStreet MA-14,Casual,All-weather,XL,silver,37.6784165097,21.7541110304
153,UrbanVN YY-02,GenZ,Trendy,L,pink,3660.1980943026,3166.0713515717
154,SaigonFlex UC-35,Streetwear,Everyday,L,red,10899.8891489362,10354.8946914894
155,NamStyle YY-19,GenZ,Trendy,S,pink,61.5876146969,36.2904622756
156,SaigonCore MA-05,Casual,All-weather,L,red,9553.2652173913,6129.3749634783
157,HanoiStreet YY-09,GenZ,Trendy,S,pink,3261.7658868895,2694.2186225707
158,DragonWear UR-06,Streetwear,Standard,XL,purple,40.6709622817,24.0037209577
159,VietMotion RS-07,Outdoor,Premium,L,white,54.3327146242,33.2334215995
160,UrbanVN RP-55,Outdoor,Activewear,S,red,2026.0782152975,1593.3079085099
161,SaigonCore RP-13,Outdoor,Activewear,S,white,5217.5079310345,4956.6325344828
162,SaigonCore YY-33,GenZ,Trendy,L,pink,3592.5805263158,3074.1711563684
163,VietMode UE-02,Streetwear,Performance,S,orange,8188.74,4955.825448
164,SaigonFlex UC-18,Streetwear,Everyday,M,blue,11516.6172413793,9748.8164948276
165,DragonWear UC-06,Streetwear,Everyday,L,white,23.0298308674,14.6510846866
166,MekongFit RP-36,Outdoor,Activewear,L,red,4610.97,4380.4215
167,VietMode RS-80,Outdoor,Premium,L,orange,18.0640463832,11.5100193891
168,SaigonFlex UC-60,Streetwear,Everyday,XL,purple,8975.7274752475,5284.9083374257
169,VietMotion UR-16,Streetwear,Standard,M,blue,20.3753238786,12.3066658334
170,LotusWear UE-75,Streetwear,Performance,L,white,13924.6047169811,13228.3744811321
171,VietMode RP-24,Outdoor,Activewear,S,orange,5354.37,5086.6515
172,VietMode RP-77,Outdoor,Activewear,M,purple,4230.24,2410.813776
173,SaigonCore YY-51,GenZ,Trendy,S,green,1322.37,1104.311187
174,PhoenixWear UM-14,Streetwear,Balanced,XL,blue,7489.4293220339,5615.574105661
175,UrbanVN UE-11,Streetwear,Performance,XL,black,9008.37,6208.568604
176,VietMotion RS-03,Outdoor,Premium,L,red,3778.7642307692,3589.8260192308
177,LotusWear UR-16,Streetwear,Standard,S,white,7556.85,7036.183035
178,VietMode RS-19,Outdoor,Premium,M,black,16.7541673486,9.2704210859
179,SaigonFlex UM-08,Streetwear,Balanced,XL,blue,21108.8045454545,18867.0495027273
180,NamStyle YY-26,GenZ,Trendy,XL,purple,3144.3963157895,2987.1765
181,VietMode RP-33,Outdoor,Activewear,M,black,5598.4315699659,3174.8705433276
182,DragonWear UE-09,Streetwear,Performance,M,black,8498.7,8073.765
183,UrbanVN UC-30,Streetwear,Everyday,XL,purple,50.5442348496,32.3297899788
184,VietMode RP-97,Outdoor,Activewear,M,purple,4692.24,4457.628
185,UrbanVN UR-35,Streetwear,Standard,S,orange,44.6528190545,27.6734571774
186,VietMode RS-83,Outdoor,Premium,M,purple,5039.37,2724.283422
187,DragonWear UM-39,Streetwear,Balanced,S,orange,30.0194274458,19.2589285479
188,SaigonFlex UM-14,Streetwear,Balanced,M,yellow,20.1906518108,12.9569743963
189,UrbanVN UE-21,Streetwear,Performance,M,black,4375.1152471483,4156.3594847909
190,VietMotion UE-11,Streetwear,Performance,M,silver,5033.7,3153.61305
191,HanoiStreet UR-36,Streetwear,Standard,L,red,29.9333349139,18.238201168
192,PhoenixWear UE-14,Streetwear,Performance,M,black,6821.85,5840.86797
193,HanoiStreet UR-31,Streetwear,Standard,M,purple,45.1438302907,25.5238517277
194,SaigonFlex UC-84,Streetwear,Everyday,XL,yellow,,6509.61927
195,SaigonCore YY-17,GenZ,Trendy,L,orange,4346.37,2195.351487
196,LotusWear UR-20,Streetwear,Standard,S,pink,6826.6227272727,5780.7841254545
197,DragonWear MA-25,Casual,All-weather,M,purple,36.505936259,22.2035327135
198,VietMotion MA-01,Casual,All-weather,XL,silver,78.3568178594,46.385099515
199,IndigoViet UM-02,Streetwear,Balanced,S,red,14491.7082352941,8826.8994861176
200,VietMode UE-14,Streetwear,Performance,S,white,5416.74,3482.422146
201,VietMode RP-64,Outdoor,Activewear,S,orange,3202.9493023256,2647.2375983721
202,UrbanVN MA-13,Casual,All-weather,S,red,3366.6029721362,3198.2728235294
203,PhoenixWear UE-16,Streetwear,Performance,XL,blue,8504.37,7320.561696
204,HanoiStreet RP-16,Outdoor,Activewear,S,pink,818.37,554.363838
205,NamStyle YY-15,GenZ,Trendy,S,white,1637.37,870.917103
206,DragonWear UR-35,Streetwear,Standard,S,white,6815.3936170213,3720.5233755319
207,VietMode RS-76,Outdoor,Premium,L,pink,26.3027291495,14.6252434841
208,VietMode RP-23,Outdoor,Activewear,XL,black,5354.37,2882.257371
209,UrbanVN UE-02,Streetwear,Performance,L,orange,7307.37,5269.344507
210,PhoenixWear UC-02,Streetwear,Everyday,S,orange,16.3590937904,9.1373857923
211,DragonWear UR-39,Streetwear,Standard,S,pink,43.4599185015,28.0314787392
212,VietMode RP-80,Outdoor,Activewear,S,pink,4471.74,4248.153
213,UrbanVN RP-43,Outdoor,Activewear,S,pink,2865.87,2722.5765
214,MekongFit RP-10,Outdoor,Activewear,S,white,1960.245,1605.832704
215,MekongFit RP-19,Outdoor,Activewear,M,blue,2834.37,2692.6515
216,VietMode RP-02,Outdoor,Activewear,L,red,3195.99,1813.724325
217,SaigonFlex UM-05,Streetwear,Balanced,S,red,9886.8028798683,7227.2529051838
218,MekongFit RP-11,Outdoor,Activewear,M,purple,3731.974912999,2473.1797748444
219,UrbanVN YY-05,GenZ,Trendy,M,black,42.869061124,25.6378717875
220,SaigonCore UE-16,Streetwear,Performance,M,black,6970.4569565217,6092.8764256957
221,MekongFit UC-06,Streetwear,Everyday,S,white,4808.37,4567.9515
222,SaigonFlex UC-28,Streetwear,Everyday,XL,blue,9445.0947557003,8972.8400179153
223,SaigonFlex UC-32,Streetwear,Everyday,XL,silver,10134.7768879668,8711.8542128963
224,SaigonCore UE-07,Streetwear,Performance,S,orange,7868.7,5265.73404
225,DragonWear RS-03,Outdoor,Premium,L,red,5039.37,3891.401514
226,VietMode RP-94,Outdoor,Activewear,L,orange,4400.34,2938.107018
227,VietMotion RP-13,Outdoor,Activewear,S,green,24.4027623604,14.0248314139
228,DragonWear RP-20,Outdoor,Activewear,M,purple,3779.37,3427.132716
229,LotusWear UM-01,Streetwear,Balanced,XL,blue,10136.85,5587.43172
230,HanoiStreet UM-06,Streetwear,Balanced,L,orange,4674.7290361446,4440.9925843373
231,DragonWear UM-16,Streetwear,Balanced,M,yellow,10073.7,6682.89258
232,SaigonFlex UC-91,Streetwear,Everyday,L,green,17013.8969461078,16163.2020988024
233,DragonWear MA-08,Casual,All-weather,S,pink,5353.4483679525,3709.4043741543
234,VietMode RP-71,Outdoor,Activewear,XL,yellow,3967.74,3426.540264
235,LotusWear RP-05,Outdoor,Activewear,M,silver,38.7751996099,23.5960830176
236,MekongFit RP-30,Outdoor,Activewear,S,white,22.1262674612,12.4396307653
237,MekongFit UM-10,Streetwear,Balanced,M,blue,7748.37,4407.272856
238,HanoiStreet UM-32,Streetwear,Balanced,S,pink,36.0763489774,20.9919345909
239,VietMode RS-09,Outdoor,Premium,XL,black,29.7323972031,18.0167881569
240,UrbanVN UE-08,Streetwear,Performance,S,pink,59.8090877155,38.7826178808
241,VietMotion RP-23,Outdoor,Activewear,L,green,3905.37,3541.780053
242,VietMotion UM-08,Streetwear,Balanced,M,blue,9638.37,9156.4515
243,VietMotion RP-29,Outdoor,Activewear,S,orange,32.2516137433,20.8648987366
244,VietMode RP-47,Outdoor,Activewear,XL,purple,3716.37,2789.878959
245,LotusWear UE-39,Streetwear,Performance,L,pink,10553.85,5995.642185
246,NamStyle YY-02,GenZ,Trendy,XL,black,2834.37,1825.901154
247,DragonWear UM-32,Streetwear,Balanced,M,purple,46.0084034729,26.1354202437
248,VietMotion YY-03,GenZ,Trendy,L,white,1618.1748648649,1252.4673454054
249,HanoiStreet RP-64,Outdoor,Activewear,S,green,44.7259937985,25.6617327169
250,DragonWear UE-11,Streetwear,Performance,XL,blue,9191.4460338101,8731.8737321196
251,SaigonFlex UC-52,Streetwear,Everyday,XL,silver,5610.653125,4180.4976434375
252,VietMode MA-16,Casual,All-weather,S,red,5373.0128571429,5104.3622142857
253,VietMode RP-29,Outdoor,Activewear,M,silver,30.0151656131,18.3196020341
254,UrbanVN UR-43,Streetwear,Standard,S,red,26.1375099247,16.6780072797
255,LotusWear UE-14,Streetwear,Performance,M,blue,8405.1924657534,6159.3250389041
256,UrbanVN RS-04,Outdoor,Premium,M,purple,1920.87,1824.8265
257,HanoiStreet RP-77,Outdoor,Activewear,M,yellow,2708.37,2535.305157
258,SaigonCore YY-48,GenZ,Trendy,M,blue,4462.2087096774,4239.0982741935
259,HanoiStreet UR-24,Streetwear,Standard,L,pink,18.0338764412,11.7128365171
260,VietMode RP-15,Outdoor,Activewear,XL,blue,29.7268306201,18.4087142776
261,BambooCraft UC-10,Streetwear,Everyday,XL,black,8630.37,5459.572062
262,BambooCraft UC-16,Streetwear,Everyday,M,silver,8661.2182758621,4709.1043765862
263,SaigonCore UE-13,Streetwear,Performance,L,pink,8251.7271428571,4414.6740214286
264,HanoiStreet RP-84,Outdoor,Activewear,S,green,3338.27,3052.847915
265,LotusWear UC-02,Streetwear,Everyday,S,pink,12720.3443181818,12084.3271022727
266,VietMotion UR-25,Streetwear,Standard,L,orange,48.9132290869,27.4036841787
267,UrbanVN RP-27,Outdoor,Activewear,S,orange,18.3304846486,11.2533043776
268,SaigonCore UM-01,Streetwear,Balanced,M,yellow,7101.1881818182,6343.4914028182
269,LotusWear UE-30,Streetwear,Performance,M,yellow,40950.0,30319.38
270,SaigonFlex UM-09,Streetwear,Balanced,S,white,22378.4482122905,17936.3262421508
271,MekongFit UE-25,Streetwear,Performance,M,yellow,2618.91,2284.475193
272,VietMode RP-08,Outdoor,Activewear,S,green,34.1010162833,21.1271728098
273,SaigonCore UC-05,Streetwear,Everyday,XL,yellow,9443.7,8971.515
274,VietMotion UR-07,Streetwear,Standard,S,white,37.7002430354,20.759208561
275,SaigonFlex UE-22,Streetwear,Performance,L,white,6526.873255814,5059.632147907
276,SaigonFlex UM-18,Streetwear,Balanced,M,blue,14675.85,10280.432925
277,SaigonFlex UM-00,Streetwear,Balanced,XL,purple,8656.966557377,6242.5385845246
278,SaigonFlex UC-75,Streetwear,Everyday,L,red,11122.506,9587.600172
279,VietMode RP-45,Outdoor,Activewear,M,blue,11.2598729892,6.8904684055
280,DragonWear MA-10,Casual,All-weather,L,red,8183.7,7774.515
281,HanoiStreet UR-20,Streetwear,Standard,L,white,77.3903796393,49.4043613174
282,VietMode MP-20,Casual,Activewear,S,orange,5164.74,2973.857292
283,MekongFit UR-12,Streetwear,Standard,XL,purple,5890.3127027027,5044.4637985946
284,HanoiStreet UE-05,Streetwear,Performance,S,green,11024.37,7005.987135
285,HanoiStreet UE-15,Streetwear,Performance,L,green,5178.6709985735,4255.8318266277
286,HanoiStreet RS-20,Outdoor,Premium,S,green,4614.0770524767,3811.689053051
287,UrbanVN UE-04,Streetwear,Performance,S,white,4691.61,4457.0295
288,SaigonFlex UM-46,Streetwear,Balanced,M,black,24.2083758568,14.9811171166
289,MekongFit RP-58,Outdoor,Activewear,S,orange,1422.8740268456,1014.2246063356
290,UrbanVN UR-18,Streetwear,Standard,XL,purple,4382.4132692308,3917.0009800385
291,UrbanVN UC-23,Streetwear,Everyday,S,pink,7055.37,6285.629133
292,VietMode MA-19,Casual,All-weather,XL,blue,23.4644455338,14.6117069467
293,SaigonFlex UM-64,Streetwear,Balanced,XL,yellow,12111.7911764706,8626.0176758824
294,VietMotion MA-17,Casual,All-weather,XL,blue,10199.7,8504.50986
295,BambooCraft UM-10,Streetwear,Balanced,S,orange,15214.6025581395,10097.9317178372
296,BambooCraft UM-14,Streetwear,Balanced,S,green,17668.0063636364,16784.6060454545
297,DragonWear RP-14,Outdoor,Activewear,XL,yellow,4325.34375,3585.70996875
298,MekongFit UE-31,Streetwear,Performance,XL,purple,3527.37,2364.748848
299,MekongFit UE-23,Streetwear,Performance,XL,silver,5444.7998642534,5172.5598710407
300,VietMode RP-01,Outdoor,Activewear,M,yellow,22.0907341173,12.8669376912
301,PhoenixWear UC-10,Streetwear,Everyday,S,red,5147.2831483715,4889.918990953
302,DragonWear UM-36,Streetwear,Balanced,M,yellow,14767.0770065076,14028.7231561822
303,SaigonFlex UM-63,Streetwear,Balanced,L,pink,21423.2469230769,16733.6981716154
304,NamStyle YY-01,GenZ,Trendy,L,red,1889.37,1538.513991
305,VietMode RP-54,Outdoor,Activewear,L,orange,4524.5025,4298.277375
306,HanoiStreet UE-29,Streetwear,Performance,S,red,61.9208813164,39.0092589614
307,MekongFit UM-11,Streetwear,Balanced,L,white,11011.5702881844,8816.9643297493
308,VietMode MP-22,Casual,Activewear,L,white,5353.74,5086.053
309,SaigonFlex UM-66,Streetwear,Balanced,M,black,13863.6504878049,13170.4679634146
310,VietMotion UC-10,Streetwear,Everyday,L,orange,25.2602294365,14.3514362619
311,VietMotion UR-24,Streetwear,Standard,M,black,25.2578074886,16.245892765
312,DragonWear RS-06,Outdoor,Premium,M,blue,3882.4609090909,3688.3378636364
313,VietMode RS-60,Outdoor,Premium,L,orange,72.6671956126,40.5491297083
314,DragonWear UR-29,Streetwear,Standard,L,pink,17.3729370163,9.5861676332
315,DragonWear MA-26,Casual,All-weather,L,green,9437.1432284981,8226.3577522818
316,SaigonFlex UC-42,Streetwear,Everyday,M,silver,36.4807567278,21.9774315849
317,VietMode RP-07,Outdoor,Activewear,XL,purple,4409.278125,2546.799045
318,NamStyle YY-25,GenZ,Trendy,L,white,1321.5873913043,1255.5080217391
319,MekongFit UC-01,Streetwear,Everyday,XL,yellow,1637.37,1262.248533
320,LotusWear UM-06,Streetwear,Balanced,S,pink,7714.35,4099.40559
321,VietMotion YY-21,GenZ,Trendy,S,orange,1233.0919072848,836.529549902
322,DragonWear MA-18,Casual,All-weather,L,pink,4712.7033333333,3098.1311713333
323,SaigonCore UC-07,Streetwear,Everyday,M,black,9474.1838709677,7096.1637193548
324,DragonWear UC-05,Streetwear,Everyday,M,blue,9191.7,7248.57462
325,SaigonFlex UC-13,Streetwear,Everyday,S,pink,10560.816,10032.7752
326,UrbanVN UR-11,Streetwear,Standard,S,pink,15.1676501492,8.4576802063
327,PhoenixWear UE-09,Streetwear,Performance,S,green,26.7918012845,15.0509670679
328,UrbanVN RP-08,Outdoor,Activewear,M,blue,5291.37,3064.232367
329,VietMotion RS-05,Outdoor,Premium,S,orange,56.9144321556,31.4880585892
330,HanoiStreet RP-01,Outdoor,Activewear,M,blue,1952.0120454545,1681.8535783636
331,LotusWear UE-45,Streetwear,Performance,S,white,13905.6528169014,7827.4919706338
332,SaigonFlex UC-38,Streetwear,Everyday,M,blue,3743.6903225806,2813.7576464516
333,LotusWear UE-41,Streetwear,Performance,S,red,52.3069435335,31.7315084972
334,LotusWear UR-24,Streetwear,Standard,S,orange,7556.85,4964.094765
335,VietMotion UR-15,Streetwear,Standard,S,orange,22.1445861144,13.5835017518
336,SaigonFlex UC-35,Streetwear,Everyday,L,red,6934.761627907,6364.0307459302
337,SaigonFlex UM-52,Streetwear,Balanced,XL,silver,18516.8158671587,14254.2448545387
338,UrbanVN RP-03,Outdoor,Activewear,S,pink,37.7419025049,20.914950257
339,HanoiStreet RP-46,Outdoor,Activewear,L,pink,890.4549377123,845.9321908267
340,HanoiStreet RP-04,Outdoor,Activewear,S,green,1855.6303211009,1762.8488050459
341,UrbanVN MA-10,Casual,All-weather,M,silver,34.434894988,21.1929947366
342,VietMode MP-23,Casual,Activewear,XL,purple,29.7385601057,16.4324638697
343,DragonWear UE-05,Streetwear,Performance,M,silver,9443.35,8471.629285
344,UrbanVN RP-22,Outdoor,Activewear,XL,silver,3369.87,2821.255164
345,UrbanVN UR-34,Streetwear,Standard,XL,black,26.4677651709,16.772658066
346,HanoiStreet MA-12,Casual,All-weather,M,purple,29.5043156077,17.5429790021
347,VietMode RP-79,Outdoor,Activewear,XL,silver,4471.74,4248.153
348,VietMotion RP-37,Outdoor,Activewear,S,red,1070.2073493976,1005.3527840241
349,PhoenixWear UC-07,Streetwear,Everyday,M,silver,7876.33875,5431.523202
350,MekongFit RP-49,Outdoor,Activewear,XL,blue,1792.7023572474,1145.8953467526
351,SaigonFlex RS-02,Outdoor,Premium,XL,purple,4595.85,3068.649045
352,PhoenixWear UR-03,Streetwear,Standard,XL,silver,5036.85,4118.12856
353,UrbanVN RS-06,Outdoor,Premium,XL,silver,1972.5575,1723.42348775
354,VietMode RP-04,Outdoor,Activewear,S,orange,37.8437122078,22.4933572734
355,HanoiStreet UC-37,Streetwear,Everyday,L,white,8151.2691695502,6372.6622367543
356,DragonWear MA-37,Casual,All-weather,M,silver,5449.5,5177.025
357,SaigonFlex UM-83,Streetwear,Balanced,L,pink,17103.87,10599.268239
358,HanoiStreet UE-38,Streetwear,Performance,M,yellow,34.2888019565,19.780103552699998
359,BambooCraft UC-18,Streetwear,Everyday,XL,yellow,11430.5789552239,10859.0500074627
360,MekongFit RP-15,Outdoor,Activewear,M,yellow,1889.37,1137.589677
361,VietMode RP-29,Outdoor,Activewear,M,silver,46.8917788031,29.864928375
362,VietMotion UR-20,Streetwear,Standard,M,silver,42.5780219597,25.7225181051
363,SaigonFlex UM-98,Streetwear,Balanced,M,blue,11636.1,11054.295
364,SaigonCore UE-15,Streetwear,Performance,S,red,17143.7,14587.57433
365,HanoiStreet YY-23,GenZ,Trendy,L,orange,1889.37,1779.78654
366,UrbanVN UC-20,Streetwear,Everyday,M,purple,8000.37,7600.3515
367,NamStyle YY-28,GenZ,Trendy,M,silver,2204.37,1660.331484
368,UrbanVN UC-22,Streetwear,Everyday,XL,silver,8712.5254054054,7795.0964802162
369,LotusWear UE-88,Streetwear,Performance,XL,silver,9257.85,8448.71391
370,SaigonCore MA-02,Casual,All-weather,XL,silver,10073.7,7977.36303
371,VietMode MP-10,Casual,Activewear,L,orange,4786.74,3972.515526
372,SaigonFlex UC-58,Streetwear,Everyday,M,blue,22.0843133177,12.4892097478
373,HanoiStreet UC-53,Streetwear,Everyday,L,red,5403.0940034662,3895.0904670988
374,SaigonCore UM-06,Streetwear,Balanced,L,white,38.6337772411,23.627889605
375,HanoiStreet UE-18,Streetwear,Performance,M,yellow,2910.2380851064,1759.8209700638
376,LotusWear UE-71,Streetwear,Performance,L,red,6949.7590909091,6602.2711363636
377,MekongFit UC-29,Streetwear,Everyday,XL,silver,3803.9961859583,3196.4979950607
378,HanoiStreet UE-30,Streetwear,Performance,M,black,6299.37,5324.227524
379,HanoiStreet RP-07,Outdoor,Activewear,XL,yellow,1259.37,981.552978
380,SaigonCore RP-04,Outdoor,Activewear,XL,purple,5398.47,3275.791596
381,MekongFit RP-09,Outdoor,Activewear,XL,blue,1960.245,1862.23275
382,VietMode RP-65,Outdoor,Activewear,M,blue,3841.74,3307.73814
383,MekongStyle UC-13,Streetwear,Everyday,M,black,11954.9632075472,6095.8357395283
384,VietMode MA-14,Casual,All-weather,L,pink,9764.37,6568.491699
385,DragonWear MA-02,Casual,All-weather,L,orange,39.0628771195,22.6602326991
386,HanoiStreet YY-25,GenZ,Trendy,S,white,55.2059495269,32.8763582972
387,HanoiStreet UE-22,Streetwear,Performance,M,blue,4566.4935059761,2456.7735062151
388,VietMode RS-04,Outdoor,Premium,L,green,2847.5427272727,2029.1589474545
389,UrbanVN RS-08,Outdoor,Premium,M,yellow,4632.064512947,4400.4612872996
390,NamStyle YY-27,GenZ,Trendy,S,green,4283.37,4069.2015
391,HanoiStreet RP-12,Outdoor,Activewear,S,white,41.479017405,25.8217570847
392,PhoenixWear UE-20,Streetwear,Performance,XL,silver,6928.53,6582.1035
393,SaigonFlex UC-18,Streetwear,Everyday,M,blue,10584.5323616236,10055.3057435424
394,SaigonFlex UM-16,Streetwear,Balanced,XL,black,22.9250524562,14.2781553943
395,SaigonFlex UM-01,Streetwear,Balanced,S,green,11028.4286947034,10091.0122556536
396,HanoiStreet UE-10,Streetwear,Performance,M,black,4913.37,3388.259952
397,DragonWear UR-18,Streetwear,Standard,XL,silver,44.8618464355,27.9829459342
398,UrbanVN RP-12,Outdoor,Activewear,M,silver,3441.095708502,3269.0409230769
399,VietMode RP-86,Outdoor,Activewear,L,white,4564.0675862069,3732.9508787586
400,IndigoViet UM-07,Streetwear,Balanced,M,purple,12837.0518181818,7742.0259515455
401,VietMode RP-02,Outdoor,Activewear,L,red,1233.54,706.941774
402,VietMode MA-22,Casual,All-weather,L,green,8311.6916129032,6208.8336348387
403,HanoiStreet UR-06,Streetwear,Standard,S,red,7496.37,4533.054939
405,BambooCraft UC-25,Streetwear,Everyday,L,green,8808.87,7972.02735
406,VietMotion RP-61,Outdoor,Activewear,S,white,41.7136682498,24.7399074589
407,SaigonFlex UM-57,Streetwear,Balanced,S,orange,13107.434516129,7168.455936871
408,HanoiStreet UR-37,Streetwear,Standard,XL,black,20.1033552142,12.2230132769
409,BambooCraft UM-07,Streetwear,Balanced,M,yellow,11339.37,7381.92987
410,SaigonCore RP-11,Outdoor,Activewear,L,orange,3464.37,2540.422521
411,NamStyle YY-09,GenZ,Trendy,L,pink,1898.7033333333,1803.7681666667
412,LotusWear UE-50,Streetwear,Performance,M,yellow,45.4409090092,28.0082820588
413,HanoiStreet UR-14,Streetwear,Standard,S,pink,27.3857245427,15.665965957200001
414,VietMode RP-32,Outdoor,Activewear,S,red,2933.6415340909,2571.3368046307
415,SaigonFlex UC-43,Streetwear,Everyday,L,pink,9414.213956044,6648.3178957582
416,VietMode RP-23,Outdoor,Activewear,XL,black,4093.74,2673.21222
417,SaigonFlex UC-02,Streetwear,Everyday,M,silver,10938.3583038869,8362.3749233216
418,MekongFit UC-11,Streetwear,Everyday,M,yellow,20.3211565925,11.5394595295
419,UrbanVN UE-25,Streetwear,Performance,M,purple,47.7586807913,26.355105880300002
420,SaigonFlex UC-57,Streetwear,Everyday,S,orange,3023.37,1991.191482
421,HanoiStreet UC-02,Streetwear,Everyday,XL,yellow,4494.1064870181,4269.4011626672
422,DragonWear MA-36,Casual,All-weather,S,green,5604.9362068966,3526.0653677586
423,HanoiStreet UE-41,Streetwear,Performance,S,orange,29.3824353817,17.7517926912
424,MekongFit RP-22,Outdoor,Activewear,S,green,3114.1088059701,2258.6631169701
425,DragonWear RP-07,Outdoor,Activewear,S,orange,4094.37,3531.803562
426,MekongFit UM-15,Streetwear,Balanced,L,pink,2691.99,1457.981784
427,HanoiStreet RP-76,Outdoor,Activewear,S,pink,3820.7975979557,2436.1405484566
428,MekongFit RP-35,Outdoor,Activewear,M,yellow,4610.97,2548.022022
429,VietMode RP-55,Outdoor,Activewear,XL,blue,3275.37,2244.283524
430,HanoiStreet UC-47,Streetwear,Everyday,S,white,34.6178358377,19.5803762088
431,VietMode RS-28,Outdoor,Premium,L,red,5246.2874311927,4392.7164661376
432,DragonWear UR-36,Streetwear,Standard,M,purple,8309.2846153846,7893.8203846154
433,NamStyle YY-07,GenZ,Trendy,S,green,2204.37,2094.1515
434,SaigonFlex UC-27,Streetwear,Everyday,L,orange,11109.7508379888,10554.2632960894
435,LotusWear UR-33,Streetwear,Standard,M,black,9446.85,5966.63046
436,HanoiStreet MA-06,Casual,All-weather,XL,yellow,2843.9936220472,1924.5304840394
437,VietMode RS-05,Outdoor,Premium,XL,silver,4426.6641176471,3156.6541822941
438,SaigonFlex UC-55,Streetwear,Everyday,L,red,10658.332964467,10125.4163162437
439,VietMode RP-19,Outdoor,Activewear,XL,silver,40.1412182405,25.5729804606
440,HanoiStreet UC-62,Streetwear,Everyday,XL,yellow,9245.0308695652,5388.9284938696
441,VietMode MP-09,Casual,Activewear,M,black,4786.74,4467.943116
442,NamStyle YY-24,GenZ,Trendy,M,blue,1353.87,1286.1765
443,BambooCraft UC-03,Streetwear,Everyday,S,white,10289.2259850374,8385.7191778055
444,VietMode MA-11,Casual,All-weather,XL,purple,9196.74,8009.440866
445,LotusWear UR-13,Streetwear,Standard,M,black,5036.85,3089.60379
446,HanoiStreet RP-81,Outdoor,Activewear,M,blue,1012.7563640889,643.5053937421
447,VietMode MA-42,Casual,All-weather,L,green,10583.37,8359.803963
448,VietMotion MA-12,Casual,All-weather,L,pink,26.0558664333,14.929893188
449,DragonWear RP-18,Outdoor,Activewear,XL,blue,4800.5336842105,4293.1172737895
450,UrbanVN UR-32,Streetwear,Standard,M,yellow,2519.37,2246.270292
451,VietMode RP-06,Outdoor,Activewear,L,white,4678.3345945946,4444.4178648649
452,HanoiStreet UC-04,Streetwear,Everyday,M,black,11339.37,9661.14324
453,SaigonFlex UC-38,Streetwear,Everyday,M,blue,27.4868607222,16.3637221039
454,SaigonCore RS-01,Outdoor,Premium,L,green,23.1185223938,14.7233157326
455,SaigonFlex UC-03,Streetwear,Everyday,L,pink,12105.45,11500.1775
456,DragonWear UR-22,Streetwear,Standard,XL,black,30.1225047138,16.900153292
457,SaigonFlex UM-01,Streetwear,Balanced,S,green,11338.4339806347,10771.512281603
458,SaigonFlex UE-15,Streetwear,Performance,XL,silver,6485.85,5394.281445
459,LotusWear UR-12,Streetwear,Standard,S,red,5537.754,5115.2233698
460,SaigonCore UE-29,Streetwear,Performance,L,white,38.200363398,24.1996637147
461,HanoiStreet UM-01,Streetwear,Balanced,M,silver,4913.37,3947.892795
462,UrbanVN RP-06,Outdoor,Activewear,XL,black,13.6746790254,8.8408423035
463,VietMode RS-43,Outdoor,Premium,M,purple,5118.7532984293,4862.8156335079
464,MekongFit UE-33,Streetwear,Performance,M,silver,5291.37,3505.003488
465,LotusWear UE-31,Streetwear,Performance,L,red,11336.85,10173.68919
466,VietMode RP-87,Outdoor,Activewear,XL,purple,4629.24,3204.359928
467,VietMode RP-10,Outdoor,Activewear,L,pink,3778.74,2748.277602
468,IndigoViet UM-04,Streetwear,Balanced,L,orange,16231.7150847458,15420.1293305085
469,PhoenixWear UR-14,Streetwear,Standard,L,pink,5385.87,4297.92426
470,SaigonFlex UE-05,Streetwear,Performance,M,silver,8186.85,6897.421125
471,VietMode RS-61,Outdoor,Premium,XL,blue,33.5858692606,21.4775476156
472,HanoiStreet MA-10,Casual,All-weather,XL,blue,22.1755039537,13.9049444485
473,VietMotion UC-12,Streetwear,Everyday,S,white,42.2950693546,25.7282664708
474,HanoiStreet YY-18,GenZ,Trendy,M,silver,3407.9414985309,1959.9071558051
475,LotusWear UE-64,Streetwear,Performance,XL,blue,58.0391466069,36.1733165688
476,VietMode RP-70,Outdoor,Activewear,L,pink,4030.74,3829.203
477,VietMotion YY-07,GenZ,Trendy,L,pink,43.5722545387,28.2638513621
478,VietMotion RS-06,Outdoor,Premium,M,blue,31.6324680138,20.3107264167
479,SaigonFlex UC-17,Streetwear,Everyday,S,orange,11588.85,11009.4075
480,SaigonFlex UC-09,Streetwear,Everyday,S,white,10607.7522560336,8623.0418089297
481,SaigonFlex UC-72,Streetwear,Everyday,XL,silver,11408.04,7676.470116
482,VietMode RP-58,Outdoor,Activewear,L,green,2802.24,1524.138336
483,UrbanVN YY-04,GenZ,Trendy,S,red,4801.8465957447,2893.1125739362
484,PhoenixWear UE-21,Streetwear,Performance,S,pink,5039.37,4227.527493
485,MekongFit RP-05,Outdoor,Activewear,XL,yellow,1979.3606639004,1058.3641469876
486,LotusWear UE-74,Streetwear,Performance,M,blue,20786.85,15267.941325
487,HanoiStreet MA-18,Casual,All-weather,XL,black,2900.2151612903,2181.5418443226
488,MekongFit UE-03,Streetwear,Performance,XL,silver,3123.12,1696.166472
489,IndigoViet UM-03,Streetwear,Balanced,M,black,18386.834516129,15661.9056408387
490,VietMotion RS-01,Outdoor,Premium,S,pink,27.4490000477,16.8158621901
491,UrbanVN UR-36,Streetwear,Standard,M,blue,42.2729797847,26.1252965911
492,SaigonFlex UM-80,Streetwear,Balanced,XL,purple,12606.2285203606,10040.8610164672
493,SaigonCore UE-17,Streetwear,Performance,L,orange,6087.37,3511.803753
494,BambooCraft UM-16,Streetwear,Balanced,L,pink,9708.2846341463,7207.4305123902
495,HanoiStreet UE-36,Streetwear,Performance,XL,silver,5860.3641721568,5567.345963549
496,SaigonFlex UC-47,Streetwear,Everyday,L,orange,11641.8272727273,11059.7359090909
497,SaigonCore YY-31,GenZ,Trendy,S,green,1705.5766115702,1041.7661943471
498,UrbanVN MA-17,Casual,All-weather,S,white,4242.3858465388,4030.2665542118
499,MekongFit UC-22,Streetwear,Everyday,S,red,7693.690754717,5870.2860458491
500,SaigonFlex UM-97,Streetwear,Balanced,S,orange,11054.6936283186,9357.7981563717
501,NamStyle UC-01,Streetwear,Everyday,M,yellow,2708.37,1355.268348
502,VietMode RP-05,Outdoor,Activewear,M,blue,4678.3345945946,4099.6246052432
503,HanoiStreet UM-30,Streetwear,Balanced,L,green,6985.37,6636.1015
504,BambooCraft UM-02,Streetwear,Balanced,S,white,11978.2850943396,7438.5150435849
505,LotusWear UE-48,Streetwear,Performance,XL,silver,14014.35,13313.6325
506,MekongFit RP-51,Outdoor,Activewear,M,purple,3028.62,2877.189
507,MekongFit RP-55,Outdoor,Activewear,M,yellow,2555.2866666667,2320.7113506667
508,LotusWear RP-09,Outdoor,Activewear,M,black,46.9202748388,27.0718237523
509,VietMotion UR-06,Streetwear,Standard,XL,blue,29.2504014205,17.5720842733
510,VietMode UE-15,Streetwear,Performance,M,purple,8188.74,4606.985124
511,SaigonFlex UC-46,Streetwear,Everyday,M,black,8907.5548387097,8272.4461787097
512,MekongFit RP-23,Outdoor,Activewear,M,silver,4317.5993577982,4101.7193899083
513,SaigonFlex UM-78,Streetwear,Balanced,M,blue,18458.3,13679.44613
514,PhoenixWear UE-22,Streetwear,Performance,M,yellow,6603.9625657895,3515.9496700263
515,VietMotion UE-07,Streetwear,Performance,M,blue,999999999.0,18.3863675204
516,VietMode RP-46,Outdoor,Activewear,L,white,32.4040058789,19.3241096054
517,SaigonCore UC-03,Streetwear,Everyday,M,silver,5696.8578947368,3744.5446942105
518,SaigonFlex UM-06,Streetwear,Balanced,M,black,13211.5702816901,7279.5752252113
519,DragonWear MA-21,Casual,All-weather,M,black,5165.0715789474,4456.4237583158
520,SaigonFlex UC-61,Streetwear,Everyday,S,green,9577.1469896907,5842.0596637113
521,NamStyle YY-30,GenZ,Trendy,XL,yellow,53.0756828693,32.3762756108
522,VietMode RP-72,Outdoor,Activewear,S,red,4469.5675862069,3598.0019068966
523,MekongFit RP-08,Outdoor,Activewear,L,orange,1800.4956652868,1710.4708820225
524,HanoiStreet RS-03,Outdoor,Premium,XL,yellow,37.9664315978,24.1631972156
525,PhoenixWear UR-01,Streetwear,Standard,M,purple,6173.37,4869.554256
526,VietMotion RS-10,Outdoor,Premium,M,silver,3358.7942318567,3190.8545202639
527,LotusWear UC-05,Streetwear,Everyday,XL,black,12281.85,7574.216895
528,SaigonFlex UM-70,Streetwear,Balanced,M,purple,14179.4441839763,13470.4719747774
529,VietMotion UM-05,Streetwear,Balanced,L,red,9669.87,7081.245801
530,MekongFit UE-20,,Performance,S,white,7559.37,5095.771317
531,MekongFit UC-28,Streetwear,Everyday,L,green,6689.0962773723,5573.3550183066
532,VietMotion UR-19,Streetwear,Standard,S,green,42.5061141026,26.6131966423
533,SaigonCore UE-21,Streetwear,Performance,L,green,7948.0393548387,7430.6219928387
534,HanoiStreet UC-34,Streetwear,Everyday,XL,black,15434.37,14662.6515
535,PhoenixWear UM-07,Streetwear,Balanced,S,green,6892.4389655172,6547.8170172414
536,DragonWear MA-41,Casual,All-weather,M,black,10143.0,8305.0884
537,UrbanVN UE-10,Streetwear,Performance,L,red,6047.0435751295,5297.814876171
538,HanoiStreet RP-40,Outdoor,Activewear,S,orange,32.4566306365,18.5348853358
539,DragonWear UR-40,Streetwear,Standard,M,yellow,24.7259511842,15.5435859954
540,MekongFit MA-05,Casual,All-weather,XL,silver,2653.8212195122,1379.9870341463
541,SaigonCore UR-07,Streetwear,Standard,M,black,10076.85,8257.978575
542,BambooCraft UM-19,Streetwear,Balanced,M,black,11652.1516901408,7134.6124798732
543,SaigonCore UR-01,Streetwear,Standard,XL,purple,6236.37,4906.775916
544,UrbanVN UE-23,Streetwear,Performance,XL,blue,27.09359038,15.6392530252
545,MekongFit UC-26,Streetwear,Everyday,S,white,44.4954364398,27.6862482778
546,SaigonFlex UE-19,Streetwear,Performance,XL,black,7557.7838823529,7179.8946882353
547,SaigonFlex UC-63,Streetwear,Everyday,L,pink,11489.4525688073,7924.2754367064
548,SaigonFlex UC-04,Streetwear,Everyday,XL,yellow,10586.428125,10057.10671875
549,VietMode RP-28,Outdoor,Activewear,S,green,4004.8433653846,2924.7371097404
550,HanoiStreet UM-04,Streetwear,Balanced,S,red,12599.37,11653.157313
551,LotusWear UE-49,Streetwear,Performance,S,pink,44.7357613995,26.7343164904
552,NamStyle YY-29,GenZ,Trendy,L,pink,1889.37,1718.382015
553,BambooCraft UC-19,Streetwear,Everyday,S,red,18.3309557878,11.3066895934
554,HanoiStreet UM-23,Streetwear,Balanced,XL,yellow,9597.8685,7830.90090915
555,LotusWear UE-73,Streetwear,Performance,S,orange,12596.85,11250.246735
556,LotusWear UR-09,Streetwear,Standard,M,silver,6401.85,3225.892215
557,HanoiStreet RP-32,Outdoor,Activewear,S,white,3275.37,2282.277816
558,SaigonCore YY-19,GenZ,Trendy,S,white,29.9765179633,18.8248065975
559,UrbanVN MA-09,Casual,All-weather,S,green,3559.9503011292,3381.9527860728
560,VietMode RP-89,Outdoor,Activewear,M,silver,5669.37,5385.9015
561,VietMode RS-57,Outdoor,Premium,XL,yellow,21.8872236375,13.7927331857
562,MekongFit MA-07,Casual,All-weather,M,yellow,3141.3003370787,2842.5626750225
563,VietMode RP-96,Outdoor,Activewear,S,white,4245.6811764706,3142.6532068235
564,NamStyle YY-31,GenZ,Trendy,S,red,3527.37,2218.362993
565,DragonWear UE-07,Streetwear,Performance,XL,yellow,37.8074197317,21.774893916
566,MekongFit RP-20,Outdoor,Activewear,L,white,2834.37,2536.477713
567,VietMotion RP-44,Outdoor,Activewear,XL,silver,1574.37,850.1598
568,DragonWear MA-29,Casual,All-weather,M,yellow,6293.7,5979.015
569,HanoiStreet RP-13,Outdoor,Activewear,M,purple,1341.3127118644,1274.2470762712
570,VietMode RP-26,Outdoor,Activewear,L,white,22.8999303788,14.0098275869
571,SaigonFlex UC-20,Streetwear,Everyday,XL,purple,11836.9389261745,7837.2372630201
572,VietMotion UC-25,Streetwear,Everyday,M,silver,10451.7,9744.11991
573,SaigonCore YY-29,GenZ,Trendy,L,white,3023.37,2052.86823
574,VietMode RP-08,Outdoor,Activewear,S,green,5668.74,4769.677836
575,UrbanVN RP-09,Outdoor,Activewear,L,white,1609.911509434,1337.8364643396
576,VietMotion RS-14,Outdoor,Premium,M,black,33.1849838485,18.6410281523
577,VietMotion RP-34,Outdoor,Activewear,M,silver,2193.0293107221,1336.6513648851
578,LotusWear UE-53,Streetwear,Performance,S,orange,11613.7730769231,9075.0022823077
579,LotusWear UE-58,Streetwear,Performance,M,silver,18896.85,11857.773375
580,BambooCraft UM-11,Streetwear,Balanced,M,blue,9675.5972727273,9191.8174090909
581,UrbanVN UE-09,Streetwear,Performance,M,yellow,5425.3584726225,5021.1692664121
582,DragonWear MA-24,Casual,All-weather,S,white,23.8339692328,13.2692062944
583,VietMotion MA-08,Casual,All-weather,L,white,79.5130511255,51.5560846219
584,MekongFit MA-03,Casual,All-weather,M,purple,2541.87,1871.578881
585,MekongFit UM-04,Streetwear,Balanced,XL,silver,9359.5095348837,8891.5340581395
586,VietMode RS-11,Outdoor,Premium,M,blue,44.1245758313,24.311630157
587,MekongFit UC-24,Streetwear,Everyday,L,orange,35.8285296756,20.5769415277
588,DragonWear UM-22,Streetwear,Balanced,XL,purple,22.4238994969,12.8291825524
589,BambooCraft UC-09,Streetwear,Everyday,L,red,29.3578074189,17.3128378376
590,VietMode RS-59,Outdoor,Premium,M,black,20.5086929574,12.9508809338
591,HanoiStreet UR-22,Streetwear,Standard,S,green,6929.37,6582.9015
592,MekongFit RP-52,Outdoor,Activewear,L,green,3028.62,2278.430826
593,MekongFit MA-02,Casual,All-weather,S,white,3432.87,3261.2265
594,LotusWear UE-67,Streetwear,Performance,L,green,12596.85,11967.0075
595,SaigonFlex UM-69,Streetwear,Balanced,S,white,7809.4602094241,4229.6036494241
596,VietMode RP-09,Outdoor,Activewear,M,silver,3944.0354545455,3586.7058423636
597,UrbanVN UR-12,Streetwear,Standard,M,yellow,31.1646974431,19.7933441875
598,SaigonFlex UM-21,Streetwear,Balanced,S,green,10765.5975,9498.48667425
599,SaigonCore YY-07,GenZ,Trendy,S,orange,1103.37,1048.2015
600,PhoenixWear UR-18,Streetwear,Standard,L,orange,6299.37,5456.514294
601,SaigonFlex UC-85,Streetwear,Everyday,S,red,30.1548332529,17.1601739311
602,VietMode RP-43,Outdoor,Activewear,XL,black,4603.7976923077,4373.6078076923
603,VietMotion UC-27,Streetwear,Everyday,XL,yellow,2324.0054368932,2207.8051650485
604,BambooCraft UC-07,Streetwear,Everyday,S,pink,10940.58,10050.016788
605,VietMotion UC-24,Streetwear,Everyday,S,green,8381.7178364566,7962.6319446337
606,VietMotion RP-36,Outdoor,Activewear,XL,yellow,1546.0695505618,1225.1055118652
607,VietMotion RP-48,Outdoor,Activewear,XL,black,1511.37,1150.605981
608,VietMode RP-14,Outdoor,Activewear,L,orange,27.0042278412,15.3307046403
609,UrbanVN RS-07,Outdoor,Premium,S,pink,68.8949931033,43.7123796743
610,PhoenixWear UE-01,Streetwear,Performance,S,pink,7739.0051351351,4210.0187935135
611,VietMotion RP-22,Outdoor,Activewear,M,purple,768.1824234159,444.8544414001
612,SaigonCore YY-35,GenZ,Trendy,S,red,3968.37,2471.103999
613,DragonWear MA-34,Casual,All-weather,L,white,27.428556474,15.2111698565
614,SaigonFlex UC-93,Streetwear,Everyday,S,pink,11516.4,9278.76348
615,PhoenixWear UM-11,Streetwear,Balanced,S,red,6667.3672258065,3474.3650613677
616,VietMode RP-92,Outdoor,Activewear,S,red,34.8721484802,19.3478074019
617,DragonWear RP-04,Outdoor,Activewear,M,yellow,786.87,401.854509
618,SaigonFlex UM-73,Streetwear,Balanced,S,pink,17.4093376038,10.0489223392
619,DragonWear UC-03,Streetwear,Everyday,XL,black,9513.0,9029.7396
620,SaigonFlex UC-92,Streetwear,Everyday,XL,silver,11006.55,7708.98762
621,VietMode RS-53,Outdoor,Premium,XL,purple,3167.8994117647,3009.5044411765
622,SaigonCore UE-01,Streetwear,Performance,L,green,8892.5028671329,5203.8926778462
623,NamStyle YY-22,GenZ,Trendy,XL,black,1386.882,1076.913873
624,VietMode RS-67,Outdoor,Premium,M,yellow,2770.74,1718.690022
625,UrbanVN UR-21,Streetwear,Standard,L,pink,26.1605904544,16.1620550388
626,SaigonFlex UM-26,Streetwear,Balanced,M,black,21110.5163414634,17857.3857732439
627,PhoenixWear UM-15,Streetwear,Balanced,S,white,10854.3563013699,6990.2054580822
628,SaigonFlex UM-49,Streetwear,Balanced,S,white,13238.5575,12576.629625
629,VietMode RP-07,Outdoor,Activewear,XL,purple,5668.74,3382.537158
630,SaigonCore UE-12,Streetwear,Performance,M,silver,7626.9103448276,6550.7532951724
631,DragonWear MA-27,Casual,All-weather,XL,silver,5077.2825,4735.0736595
632,HanoiStreet UE-25,Streetwear,Performance,S,green,10079.37,9575.4015
633,LotusWear UR-47,Streetwear,Standard,XL,purple,9446.85,7969.36266
634,SaigonFlex UC-12,Streetwear,Everyday,XL,silver,6544.4214705882,4298.3760218824
635,SaigonFlex UC-64,Streetwear,Everyday,XL,yellow,10648.8562854145,10116.4134711438
636,HanoiStreet UE-21,Streetwear,Performance,S,orange,25.5836147607,14.4294482696
637,VietMode UE-09,Streetwear,Performance,XL,yellow,10719.6020689655,10183.6219655172
638,HanoiStreet RS-19,Outdoor,Premium,XL,purple,26.2913118773,14.9479924519
639,VietMode RP-38,Outdoor,Activewear,L,green,56.7223332954,33.4896615148
640,VietMotion UE-24,Streetwear,Performance,L,red,4649.8962616822,4417.4014485981
641,VietMode UE-17,Streetwear,Performance,XL,silver,8819.2217647059,8378.2606764706
642,LotusWear UR-44,Streetwear,Standard,S,orange,7556.85,5834.643885
643,MekongFit UC-09,Streetwear,Everyday,XL,silver,8323.8507692308,7907.6582307692
644,MekongFit MA-04,Casual,All-weather,L,green,1243.62,1007.580924
645,LotusWear UR-25,Streetwear,Standard,M,blue,8816.85,5025.6045
646,HanoiStreet UE-34,Streetwear,Performance,M,purple,3806.7319302949,3616.3953337802
647,VietMotion RP-40,Outdoor,Activewear,XL,blue,33.7492929857,19.6596046175
648,SaigonFlex UC-44,Streetwear,Everyday,XL,yellow,15941.1091304348,14039.3348111739
649,VietMode RP-52,Outdoor,Activewear,S,red,4556.3233333333,3423.1657203333
650,VietMode RP-41,Outdoor,Activewear,M,yellow,1802.115,1575.769356
651,HanoiStreet RP-45,Outdoor,Activewear,M,silver,890.4549377123,566.9526588414
652,DragonWear MA-04,Casual,All-weather,S,white,9610.7565217391,5604.0321278261
653,VietMotion MA-09,Casual,All-weather,XL,purple,23.9670671482,14.162940493
654,VietMode RP-50,Outdoor,Activewear,L,pink,5479.74,5205.753
655,VietMode RS-52,Outdoor,Premium,L,white,26.7864711615,16.6318820544
656,DragonWear UE-04,Streetwear,Performance,S,green,9216.9,7344.94761
657,SaigonCore YY-54,GenZ,Trendy,XL,yellow,1885.7477361319,1552.1589616102
658,SaigonFlex UC-26,Streetwear,Everyday,M,black,8951.67,7753.936554
659,VietMotion MA-13,Casual,All-weather,XL,yellow,2387.2994198736,2267.93444888
660,VietMode RP-73,Outdoor,Activewear,M,black,5051.4376744186,4798.8657906977
661,VietMotion MA-04,Casual,All-weather,L,red,46.9427256157,27.6849155617
662,UrbanVN UE-24,Streetwear,Performance,S,white,6479.7212718601,5307.5396937806
663,SaigonFlex UC-40,Streetwear,Everyday,XL,purple,11157.9570552147,10600.059202454
664,DragonWear RP-12,Outdoor,Activewear,M,silver,3676.2790909091,3492.4651363636
665,UrbanVN UC-14,Streetwear,Everyday,XL,yellow,6564.1872413793,6235.9778793103
666,VietMode MP-05,Casual,Activewear,M,silver,69.3788758059,41.7597127636
667,UrbanVN RP-32,Outdoor,Activewear,M,silver,82.1278470206,50.6471284341
668,PhoenixWear UC-09,Streetwear,Everyday,XL,yellow,9154.6925806452,7143.4066206774
669,SaigonFlex UM-33,Streetwear,Balanced,S,pink,14291.702003988,13021.1696958335
670,MekongFit MA-11,Casual,All-weather,M,blue,3460.8919000382,3287.8473050362
671,VietMode RP-62,Outdoor,Activewear,L,red,5983.8530769231,3805.7305569231
672,VietMode RP-01,Outdoor,Activewear,M,yellow,3195.99,3036.1905
673,UrbanVN UR-07,Streetwear,Standard,S,white,5358.4035365854,3888.5934465
674,DragonWear UR-32,Streetwear,Standard,M,black,51.1918448347,30.3453642478
675,DragonWear RP-19,Outdoor,Activewear,S,white,3779.37,3590.4015
676,SaigonFlex UC-62,Streetwear,Everyday,M,silver,60.8987069756,38.9633233387
677,VietMode RP-59,Outdoor,Activewear,XL,silver,16.2568100411,9.2918645209
678,VietMotion RP-06,Outdoor,Activewear,M,yellow,41.6057952907,24.931348582
679,SaigonCore YY-04,GenZ,Trendy,M,yellow,2719.395,2583.42525
680,VietMode RP-42,Outdoor,Activewear,L,red,1802.115,1309.056336
681,HanoiStreet YY-15,GenZ,Trendy,L,white,1038.87,951.397146
682,HanoiStreet RS-09,Outdoor,Premium,M,purple,2267.37,1983.268539
683,SaigonFlex UC-50,Streetwear,Everyday,M,purple,10129.7289576547,8328.6631489837
684,LotusWear UE-24,Streetwear,Performance,XL,blue,88.7032780293,52.2399826249
685,DragonWear MA-38,Casual,All-weather,L,pink,5355.0,4705.974
686,HanoiStreet RP-18,Outdoor,Activewear,L,red,3782.6770866142,2712.9360065197
687,LotusWear UR-08,Streetwear,Standard,S,green,6434.2574074074,5945.2538444444
688,VietMode RS-20,Outdoor,Premium,L,orange,32.387771232,18.0677724165
689,VietMotion RP-07,Outdoor,Activewear,L,red,1290.87,907.997958
690,HanoiStreet MA-08,Casual,All-weather,M,black,32.8645154132,19.6813856435
691,MekongFit MA-01,Casual,All-weather,XL,blue,4535.0371070013,2953.2161640793
692,SaigonFlex UC-89,Streetwear,Everyday,S,white,45.0140152672,26.8826712644
693,LotusWear RP-04,Outdoor,Activewear,S,green,27.854003962,17.5638161423
694,SaigonCore UE-22,Streetwear,Performance,XL,silver,9128.7,8672.265
695,MekongFit RP-33,Outdoor,Activewear,XL,silver,3432.87,2542.726809
696,SaigonCore UR-11,Streetwear,Standard,M,purple,2235.9309677419,2124.1344193548
697,LotusWear UE-70,Streetwear,Performance,M,yellow,6296.85,5735.17098
698,MekongFit UR-17,Streetwear,Standard,S,red,33.25127873,20.9799477652
699,MekongFit UE-24,Streetwear,Performance,S,pink,5589.4084615385,5309.9380384615
700,VietMode RP-33,Outdoor,Activewear,M,black,4865.7170111732,4089.6351478911
701,VietMode RS-92,Outdoor,Premium,L,white,37.5059678064,23.5901229721
702,LotusWear UE-09,Streetwear,Performance,S,pink,36.7089339123,20.8003221712
703,VietMotion UC-29,Streetwear,Everyday,M,black,7536.5024863884,7159.677362069
704,DragonWear MA-06,Casual,All-weather,L,green,26.4302762019,16.4083703012
705,SaigonFlex UM-25,Streetwear,Balanced,S,red,14672.774556213,13939.1358284024
706,MekongStyle UC-10,Streetwear,Everyday,L,pink,32.9371470372,18.1803517585
707,VietMode RP-09,Outdoor,Activewear,M,silver,2317.9011622074,1762.06846351
708,MekongFit RS-08,Outdoor,Premium,S,red,2225.3802539062,2045.792067416
709,VietMode MP-04,Casual,Activewear,S,green,5794.74,4156.567002
710,HanoiStreet UM-29,Streetwear,Balanced,M,purple,46.6447097438,29.3428956103
711,UrbanVN MA-04,Casual,All-weather,XL,black,28.2053538073,16.1356330978
712,VietMode RP-84,Outdoor,Activewear,S,orange,3652.74,2041.516386
713,SaigonCore UR-03,Streetwear,Standard,M,silver,6307.3719402985,3885.9718524179
714,VietMode RP-45,Outdoor,Activewear,M,blue,4981.022208589,3912.5929448466
715,UrbanVN UC-31,Streetwear,Everyday,S,green,37.9947242981,20.9464988139
716,VietMotion RP-51,Outdoor,Activewear,L,white,715.6008717579,486.6801528826
717,VietMotion RS-11,Outdoor,Premium,L,pink,26.0560501017,15.5854846075
718,VietMode RP-52,Outdoor,Activewear,S,red,5669.055,3895.2076905
719,HanoiStreet UE-33,Streetwear,Performance,S,white,3853.8245454545,3304.6545477273
720,SaigonFlex UC-49,Streetwear,Everyday,S,white,7436.3139252336,4666.2869880841
721,VietMotion RP-55,Outdoor,Activewear,L,pink,40.9323895902,23.2076739453
722,MekongStyle UC-01,Streetwear,Everyday,M,yellow,14486.85,13762.5075
723,LotusWear UE-01,Streetwear,Performance,S,red,34.036217897,21.3438134179
724,DragonWear UE-03,Streetwear,Performance,XL,purple,7553.7,7176.015
725,DragonWear MA-22,Casual,All-weather,L,orange,6615.0,3489.4125
726,BambooCraft UM-08,Streetwear,Balanced,L,red,10134.107704918,9627.4023196721
727,SaigonFlex UM-02,Streetwear,Balanced,M,silver,17955.9160122699,17058.1202116564
728,HanoiStreet YY-03,GenZ,Trendy,L,orange,3419.9325,2547.50771925
729,HanoiStreet RP-68,Outdoor,Activewear,S,red,3997.0244127214,2058.4675725515
730,HanoiStreet RP-44,Outdoor,Activewear,S,green,23.0340725558,14.123480299
731,HanoiStreet RP-34,Outdoor,Activewear,L,green,2645.37,2343.79782
732,VietMode RP-35,Outdoor,Activewear,XL,blue,1348.7798230088,1048.8111903717
733,SaigonCore UR-10,Streetwear,Standard,S,white,6828.57,5400.033156
734,SaigonFlex UC-66,Streetwear,Everyday,M,black,15754.495631068,14966.7708495146
735,SaigonFlex UC-31,Streetwear,Everyday,L,green,11783.9428433269,9612.1621773017
736,MekongFit UE-13,Streetwear,Performance,M,silver,3193.262400807,3033.5992807666
737,PhoenixWear UR-19,Streetwear,Standard,XL,blue,5280.815026178,4593.7809912723
738,UrbanVN RP-14,Outdoor,Activewear,XL,yellow,3527.37,1932.99876
739,DragonWear UR-31,Streetwear,Standard,S,red,8757.0,8319.15
740,HanoiStreet RP-05,Outdoor,Activewear,M,silver,2046.87,1742.909805
741,SaigonFlex UM-85,Streetwear,Balanced,S,red,45.2738294274,25.3152333017
742,PhoenixWear RP-01,Outdoor,Activewear,S,pink,34.0771303438,22.0476036108
743,VietMotion YY-16,GenZ,Trendy,XL,silver,936.0128571429,826.4057515714
744,MekongStyle UC-11,Streetwear,Everyday,XL,yellow,21.6913947895,12.1560931695
745,VietMode MA-26,Casual,All-weather,L,red,41.0817513769,24.3429643951
746,SaigonCore UR-06,Streetwear,Standard,S,red,8561.7,6144.73209
747,VietMode RP-20,Outdoor,Activewear,S,pink,4448.66625,3015.750850875
748,HanoiStreet UE-26,Streetwear,Performance,M,silver,38.2658648731,24.3694935014
749,VietMode RP-03,Outdoor,Activewear,XL,black,4566.24,4337.928
750,VietMode MA-37,Casual,All-weather,M,black,6171.2559060403,4382.2088188792
751,SaigonFlex UC-02,Streetwear,Everyday,M,silver,9523.0760126582,5393.8702535696
752,HanoiStreet UC-41,Streetwear,Everyday,L,pink,9462.7336363636,7198.3014771818
753,VietMotion MA-02,Casual,All-weather,S,pink,24.3628876107,14.9552217758
754,UrbanVN UE-18,Streetwear,Performance,L,pink,3259.5234926471,1700.493406114
755,VietMode RP-27,Outdoor,Activewear,XL,purple,4912.74,3845.692872
756,UrbanVN RP-21,Outdoor,Activewear,L,green,3369.87,2625.465717
757,DragonWear UR-11,Streetwear,Standard,S,red,52.1553234634,33.81794707
758,SaigonFlex UE-03,Streetwear,Performance,XL,purple,6514.1601265823,3614.7074542405
759,NamStyle YY-08,GenZ,Trendy,M,silver,2834.37,2279.683791
760,VietMode RP-90,Outdoor,Activewear,L,pink,4178.16,3876.4968479999998
761,SaigonFlex UC-51,Streetwear,Everyday,L,green,9634.3961538462,5513.7649188462
762,DragonWear UC-04,Streetwear,Everyday,S,orange,37.5509595961,21.3361853656
763,UrbanVN RP-28,Outdoor,Activewear,M,blue,52.3264310534,33.3210437592
764,HanoiStreet UE-44,Streetwear,Performance,XL,purple,9448.74,7307.655516
765,MekongFit RP-34,Outdoor,Activewear,S,pink,3432.87,2650.17564
766,BambooCraft UC-13,Streetwear,Everyday,L,white,8725.29,4900.122864
767,VietMode RP-98,Outdoor,Activewear,L,green,27.9173280199,15.3706070523
768,BambooCraft UC-12,Streetwear,Everyday,M,blue,8686.7384210526,7189.1447172632
769,SaigonCore UE-05,Streetwear,Performance,L,red,7559.37,4246.098129
770,VietMotion UC-05,Streetwear,Everyday,M,silver,37.6990007108,21.518160799
771,VietMotion YY-06,GenZ,Trendy,M,silver,22.5115973854,12.9262605566
772,MekongFit RP-53,Outdoor,Activewear,XL,silver,1920.87,1824.8265
773,VietMode RS-70,Outdoor,Premium,S,orange,5039.37,4028.472378
774,HanoiStreet UM-02,Streetwear,Balanced,L,pink,21.5773251294,12.3638263676
775,MekongStyle UC-05,Streetwear,Everyday,M,blue,12136.393255814,8029.4377780465
776,DragonWear UM-51,Streetwear,Balanced,S,white,59.2291388361,37.5782197178
777,VietMode MA-25,Casual,All-weather,M,yellow,5669.37,5385.9015
778,MekongFit RS-04,Outdoor,Premium,S,green,3151.4643012212,1908.2116343894
779,VietMotion YY-13,GenZ,Trendy,S,white,3296.8472727273,2940.1283978182
780,VietMode RP-42,Outdoor,Activewear,L,red,5038.74,2568.245778
781,SaigonFlex UC-42,Streetwear,Everyday,M,silver,12288.2583478261,9234.6261483913
782,VietMode RP-78,Outdoor,Activewear,L,green,4156.74,3322.482282
783,HanoiStreet UC-28,Streetwear,Everyday,M,purple,6039.659921466,3816.4611043743
784,HanoiStreet YY-02,GenZ,Trendy,M,black,4904.0311058151,3874.6749767045
785,LotusWear UM-05,Streetwear,Balanced,XL,silver,9546.0965753425,5405.9544906164
786,VietMode RP-14,Outdoor,Activewear,L,orange,6298.74,5983.803
787,HanoiStreet RP-65,Outdoor,Activewear,M,silver,1477.4889495225,1403.6145020464
788,DragonWear MA-35,Casual,All-weather,XL,purple,5669.37,3727.043838
789,LotusWear UE-32,Streetwear,Performance,XL,black,7633.6792682927,6058.0878673171
790,DragonWear YY-02,GenZ,Trendy,L,pink,6293.7,3768.03819
791,VietMode RP-31,Outdoor,Activewear,XL,yellow,4534.74,4308.003
792,HanoiStreet RS-01,Outdoor,Premium,M,silver,3792.8391780822,3178.3992312329
793,SaigonCore YY-57,GenZ,Trendy,L,orange,2656.2320689655,1842.6281862414
794,UrbanVN UC-26,Streetwear,Everyday,XL,black,2019.9961210762,1168.1637568184
795,NamStyle YY-11,GenZ,Trendy,S,red,1301.6358227848,745.4468357089
796,HanoiStreet UE-17,Streetwear,Performance,S,pink,2601.2820458891,2461.3330718203
797,VietMotion RP-62,Outdoor,Activewear,M,purple,30.5321994249,17.5520890607
798,MekongFit UC-12,Streetwear,Everyday,L,red,7044.87,6692.6265
799,VietMotion RP-17,Outdoor,Activewear,S,red,17.2702095328,10.267666749
800,SaigonFlex UC-20,Streetwear,Everyday,XL,purple,10520.4789965398,9994.4550467128
801,UrbanVN RP-10,Outdoor,Activewear,XL,purple,1609.911509434,1048.6963572453
802,LotusWear UE-36,Streetwear,Performance,XL,purple,37.360684575,21.8771941334
803,LotusWear UE-03,Streetwear,Performance,L,orange,11147.85,10315.105605
804,VietMode RP-17,Outdoor,Activewear,M,purple,19.7670347801,11.6399332793
805,VietMotion UC-22,Streetwear,Everyday,L,white,7830.7215358362,5726.606659157
806,PhoenixWear UR-16,Streetwear,Standard,S,red,6611.85,4492.09089
807,LotusWear UR-26,Streetwear,Standard,L,white,10076.85,8442.38493
808,VietMode RP-27,Outdoor,Activewear,XL,purple,4004.8433653846,3125.3797623462
809,HanoiStreet UR-30,Streetwear,Standard,S,white,39.5485001756,24.5043322501
810,LotusWear UE-12,Streetwear,Performance,XL,black,9887.85,9393.4575
811,HanoiStreet UM-14,Streetwear,Balanced,L,red,44.0621085974,27.3021548944
812,SaigonFlex UE-13,Streetwear,Performance,M,purple,6289.682,3754.3111858
813,SaigonFlex UM-96,,Balanced,XL,black,11060.0805446809,10507.0765174468
814,HanoiStreet UR-19,Streetwear,Standard,M,blue,47.805695199,30.9259948547
815,PhoenixWear MA-01,Casual,All-weather,L,orange,6299.37,3167.323236
816,MekongFit UE-06,Streetwear,Performance,L,red,5606.37,3703.568022
817,VietMotion RP-35,Outdoor,Activewear,L,pink,1546.0695505618,846.4730789326
818,VietMotion UE-01,Streetwear,Performance,XL,silver,7343.2760542797,6976.1122515658
819,SaigonFlex UM-08,Streetwear,Balanced,XL,blue,13752.81,7730.454501
820,VietMotion MA-07,Casual,All-weather,M,blue,9177.0352941176,5596.1561223529
821,DragonWear UM-47,Streetwear,Balanced,S,red,37.9572600013,24.5623640295
822,VietMode RS-78,Outdoor,Premium,S,red,4786.74,4547.403
823,VietMode RP-21,Outdoor,Activewear,M,yellow,1652.2595121951,1569.6465365854
824,VietMode RP-18,Outdoor,Activewear,L,green,4781.3909433962,4542.3213962264
825,SaigonFlex UC-33,Streetwear,Everyday,S,pink,16826.67,12741.154524
826,SaigonFlex UM-22,Streetwear,Balanced,M,silver,11199.1078723404,8260.4619666383
827,PhoenixWear UE-11,Streetwear,Performance,L,pink,40.6625277093,24.7086519562
828,SaigonFlex UC-00,Streetwear,Everyday,XL,purple,10745.2205882353,9205.4304779412
829,HanoiStreet UE-16,Streetwear,Performance,XL,silver,7343.2525552666,6976.0899275033
830,VietMode RP-16,Outdoor,Activewear,S,white,4011.2745051195,2500.227399041
831,VietMode RS-13,Outdoor,Premium,XL,purple,3356.7945283019,3188.9548018868
832,BambooCraft UM-01,Streetwear,Balanced,XL,blue,10115.0991666667,6342.1671775
833,BambooCraft UM-18,Streetwear,Balanced,S,red,11356.87,6008.919917
834,VietMotion RP-50,Outdoor,Activewear,M,blue,1621.5537476099,1250.8665609063
835,LotusWear UR-29,Streetwear,Standard,M,silver,7052.85,5494.17015
836,HanoiStreet UM-08,Streetwear,Balanced,S,white,5543.37,4445.228403
837,UrbanVN RP-29,Outdoor,Activewear,L,white,37.9169621841,22.5785645922
838,LotusWear UE-07,Streetwear,Performance,L,green,5761.35,3392.28288
839,SaigonFlex UE-08,Streetwear,Performance,S,red,7367.85,6999.4575
840,SaigonFlex UM-79,Streetwear,Balanced,L,white,36.7431979121,21.5350923853
841,VietMode RP-57,Outdoor,Activewear,M,purple,2802.24,1672.096608
842,NamStyle YY-35,GenZ,Trendy,S,white,66.8289478003,42.5040287685
843,UrbanVN UR-08,Streetwear,Standard,M,purple,3684.87,2645.368173
844,HanoiStreet RP-78,Outdoor,Activewear,L,red,2708.37,1879.337943
845,MekongFit UR-11,Streetwear,Standard,L,white,58.9393716037,37.6548797162
846,HanoiStreet UE-20,Streetwear,Performance,XL,black,38.2695449947,23.9705343768
847,BambooCraft UC-15,Streetwear,Everyday,S,green,8833.7588888889,7271.9503173333
848,PhoenixWear UE-18,Streetwear,Performance,M,purple,7994.6427272727,6223.8293631818
849,IndigoViet UM-05,Streetwear,Balanced,XL,blue,12468.7033333333,11003.6306916667
850,VietMode MA-04,Casual,All-weather,S,pink,21.485553919,13.2785627134
851,HanoiStreet RP-69,Outdoor,Activewear,M,black,1274.581868806,845.3026953922
852,HanoiStreet RP-02,Outdoor,Activewear,L,white,1952.0120454545,1350.7923354545
853,SaigonCore UC-09,Streetwear,Everyday,XL,blue,5351.85,4369.25034
854,SaigonFlex UC-34,Streetwear,Everyday,M,yellow,12601.6227272727,11971.5415909091
855,VietMode RP-82,Outdoor,Activewear,L,red,4912.74,3997.005264
856,VietMode RP-61,Outdoor,Activewear,M,yellow,5963.9876470588,4995.4360531765
857,MekongFit UM-19,Streetwear,Balanced,L,orange,8326.3340883978,7398.7804709503
858,VietMode RS-81,Outdoor,Premium,XL,blue,5070.87,4513.0743
859,HanoiStreet RP-15,Outdoor,Activewear,XL,silver,818.37,681.129351
860,LotusWear UR-01,Streetwear,Standard,M,yellow,6513.15,4765.02054
861,VietMotion UR-27,Streetwear,Standard,S,white,23.8027500253,14.7288697033
862,VietMotion UC-14,Streetwear,Everyday,L,green,5124.6499105546,4868.4174150268
863,HanoiStreet YY-22,GenZ,Trendy,M,black,17.9278313917,10.4167189524
864,LotusWear UE-27,Streetwear,Performance,L,green,14648.6067567568,7768.1561631081
865,VietMode RP-72,Outdoor,Activewear,S,red,3967.74,3769.353
866,DragonWear UM-14,Streetwear,Balanced,XL,silver,40.0261571187,25.4133902727
867,UrbanVN RP-31,Outdoor,Activewear,S,green,42.6536455581,25.5446139336
868,HanoiStreet UM-33,Streetwear,Balanced,M,yellow,4137.9853846154,3139.0757127692
869,VietMode MA-41,Casual,All-weather,M,purple,5114.97,3436.748343
870,SaigonCore YY-56,GenZ,Trendy,M,black,1259.37,828.161712
871,UrbanVN MA-03,Casual,All-weather,L,red,43.6436412867,27.0314845306
872,DragonWear RP-05,Outdoor,Activewear,L,red,52.8317758304,29.2512183674
873,HanoiStreet UR-11,Streetwear,Standard,M,purple,46.8196074443,28.1511715771
874,DragonWear UM-30,Streetwear,Balanced,XL,blue,10425.1770911722,7115.183364725
875,DragonWear UM-19,Streetwear,Balanced,S,orange,11626.6010362694,9137.3457544041
876,VietMotion RP-63,Outdoor,Activewear,L,green,38.4153972527,23.4992554713
877,UrbanVN UE-01,Streetwear,Performance,M,black,8922.0873913043,8475.9830217391
878,VietMode RP-88,Outdoor,Activewear,S,green,4629.24,2849.29722
879,VietMotion RP-56,Outdoor,Activewear,XL,yellow,58.9463346784,35.484360986
880,HanoiStreet RP-36,Outdoor,Activewear,S,pink,23.4390560297,13.8799548597
881,SaigonFlex UE-10,Streetwear,Performance,L,orange,30.7452776264,17.7340718004
882,DragonWear UM-42,Streetwear,Balanced,XL,purple,10818.7452080238,9215.4071681946
883,VietMotion UM-12,Streetwear,Balanced,M,silver,50.4771531386,31.7944645979
884,HanoiStreet UC-01,Streetwear,Everyday,L,pink,18.8229810476,12.1335109174
885,BambooCraft UM-06,Streetwear,Balanced,S,pink,14247.5124932976,13535.1368686327
886,MekongFit UC-08,Streetwear,Everyday,L,green,6110.37,5286.081087
887,VietMotion UM-03,Streetwear,Balanced,S,pink,41.4427853836,24.9855947737
888,VietMode MA-36,Casual,All-weather,S,red,5420.1091304348,3545.2933822174
889,VietMode RS-07,Outdoor,Premium,M,yellow,5039.37,2522.708622
890,LotusWear UE-28,Streetwear,Performance,XL,silver,13856.85,8174.155815
891,SaigonCore YY-13,GenZ,Trendy,L,pink,2515.8053649635,2390.0150967153
892,UrbanVN UR-02,Streetwear,Standard,XL,yellow,8126.37,5654.328246
893,VietMotion UR-02,Streetwear,Standard,XL,yellow,45.8513138826,28.6273056788
894,SaigonCore RP-08,Outdoor,Activewear,XL,yellow,64.7526693304,38.8984489157
895,SaigonCore UR-09,Streetwear,Standard,XL,blue,5743.9913592233,5456.7917912621
896,UrbanVN RP-07,Outdoor,Activewear,S,orange,5291.37,2847.286197
897,SaigonFlex UM-92,Streetwear,Balanced,XL,silver,13019.7991218955,11027.7698562455
898,DragonWear UM-01,Streetwear,Balanced,L,white,13273.3770491803,8752.4648262295
899,VietMotion RS-16,Outdoor,Premium,XL,blue,27.6596261824,17.1090423571
900,HanoiStreet RP-14,Outdoor,Activewear,L,green,1341.3127118644,1274.2470762712
901,VietMotion UC-31,Streetwear,Everyday,XL,blue,48.0629710331,30.7250795274
902,SaigonFlex UC-36,Streetwear,Everyday,XL,black,11194.6263157895,7866.4639121053
903,PhoenixWear MA-06,Casual,All-weather,XL,silver,7874.37,5049.046044
904,MekongFit UM-13,Streetwear,Balanced,S,green,9134.37,8677.6515
905,SaigonFlex UM-77,Streetwear,Balanced,S,orange,11541.5797427653,10964.500755627
906,VietMode MP-21,Casual,Activewear,M,blue,5353.74,4589.225928
907,LotusWear UE-63,Streetwear,Performance,L,orange,8412.9785266458,7352.1019344357
908,SaigonFlex UE-11,Streetwear,Performance,XL,blue,6819.4222543353,6351.6098876879
909,DragonWear UR-14,Streetwear,Standard,XL,blue,5549.752173913,3170.0184417391
910,SaigonFlex UC-48,Streetwear,Everyday,XL,blue,10477.8849557522,6262.6318380531
911,SaigonFlex UM-55,Streetwear,Balanced,L,red,20605.7840625,17102.800771875
912,SaigonFlex UM-29,Streetwear,Balanced,S,white,20475.4515450644,12027.2802375708
913,BambooCraft UC-11,Streetwear,Everyday,S,orange,10488.3715822785,9963.9530031646
914,SaigonFlex UC-22,Streetwear,Everyday,M,silver,11020.2144726083,10469.2037489779
915,VietMode MA-24,Casual,All-weather,S,pink,8377.74,7154.58996
916,LotusWear UC-04,Streetwear,Everyday,L,red,16691.85,12462.13521
917,UrbanVN UC-25,Streetwear,Everyday,L,red,4301.7042660901,3533.850054593
918,HanoiStreet UC-16,Streetwear,Everyday,M,blue,30.2558477488,17.4598772228
919,HanoiStreet YY-11,GenZ,Trendy,L,red,31.2821674761,18.743006406
920,HanoiStreet YY-26,GenZ,Trendy,M,purple,37.8233109668,20.8467737612
921,VietMode MA-34,Casual,All-weather,L,pink,4444.02,3357.45711
922,SaigonCore YY-09,GenZ,Trendy,L,white,6265.98,4713.270156
923,SaigonFlex UC-68,Streetwear,Everyday,XL,blue,11026.3363636364,8163.8994436364
924,IndigoViet UM-12,Streetwear,Balanced,L,red,15511.5708196721,10377.2408783607
925,MekongStyle UM-02,Streetwear,Balanced,S,pink,13423.9773298429,12210.4497792251
926,VietMode RS-49,Outdoor,Premium,XL,black,22.3250548013,12.3948063163
927,VietMode RP-12,Outdoor,Activewear,S,red,2622.8902649007,2491.7457516556
928,SaigonFlex UC-82,Streetwear,Everyday,M,silver,10151.2630434783,6680.546208913
929,SaigonFlex UC-41,Streetwear,Everyday,S,green,18775.8405882353,12572.3028578824
930,UrbanVN RP-30,Outdoor,Activewear,XL,purple,28.0470886304,16.8719954978
931,SaigonFlex UM-94,Streetwear,Balanced,M,yellow,10349.2904307692,7115.1371711538
932,PhoenixWear UM-01,Streetwear,Balanced,L,red,10835.37,10293.6015
933,VietMotion YY-04,GenZ,Trendy,XL,purple,1987.569124424,1152.392578341
934,VietMode RP-53,Outdoor,Activewear,M,black,22.2904441215,14.0604687496
935,VietMode RS-05,Outdoor,Premium,XL,silver,4999.05,4046.23107
936,VietMode UR-01,Streetwear,Standard,S,pink,5164.74,2678.950638
937,SaigonCore YY-40,GenZ,Trendy,M,purple,1211.1452442997,735.5285068632
938,UrbanVN MA-12,Casual,All-weather,XL,yellow,24.3077708297,14.0335069523
939,VietMotion MA-05,Casual,All-weather,XL,black,35.6353029466,20.5765908015
940,VietMode RS-48,Outdoor,Premium,L,red,48.5239227155,31.2310265617
941,VietMode MA-18,Casual,All-weather,L,orange,34.1563093528,21.7516685737
942,SaigonCore YY-27,GenZ,Trendy,S,orange,4371.0853846154,3285.3077750769
943,HanoiStreet UR-26,Streetwear,Standard,S,red,54.9687289875,32.4108929582
944,SaigonFlex UM-45,Streetwear,Balanced,S,red,19538.7237117904,12420.7666635852
945,LotusWear UE-55,Streetwear,Performance,L,white,25196.85,23937.0075
946,UrbanVN UR-39,Streetwear,Standard,S,green,2521.2505970149,2395.1880671642
947,SaigonFlex UC-53,Streetwear,Everyday,S,pink,6694.905,5116.246401
948,SaigonFlex UC-45,Streetwear,Everyday,S,red,26.4454729409,16.0250054413
949,LotusWear UE-56,Streetwear,Performance,XL,purple,10391.85,9872.2575
950,SaigonFlex UC-46,Streetwear,Everyday,M,black,16696.35,14125.1121
951,MekongFit UC-04,Streetwear,Everyday,L,orange,7253.0989156627,6218.0817003976
952,VietMode RP-23,Outdoor,Activewear,XL,black,5140.9021621622,4883.8570540541
953,VietMode RP-09,Outdoor,Activewear,M,silver,3778.74,1940.760864
954,SaigonFlex UM-58,Streetwear,Balanced,M,blue,20.2398670035,12.7897790491
955,LotusWear UE-26,Streetwear,Performance,M,purple,18589.7833333333,11094.3826933333
956,MekongStyle UC-12,Streetwear,Everyday,S,red,13324.9781538462,9943.0986984
957,DragonWear UM-44,Streetwear,Balanced,M,silver,23.8951589975,13.8528576295
958,LotusWear UR-48,Streetwear,Standard,S,green,5749.0607623318,3331.5807117713
959,VietMode RS-89,Outdoor,Premium,XL,black,6002.08875,5701.9843125
960,HanoiStreet RP-59,Outdoor,Activewear,XL,black,2015.37,1914.6015
961,VietMotion RP-59,Outdoor,Activewear,L,orange,3918.2395689196,3722.3275904737
962,DragonWear MA-03,Casual,All-weather,XL,blue,10831.3771884655,10289.8083290422
963,HanoiStreet UC-22,Streetwear,Everyday,XL,yellow,10276.1159016393,6593.1559624918
964,MekongFit RP-38,Outdoor,Activewear,S,orange,2116.288125,1846.673017875
965,HanoiStreet UR-08,Streetwear,Standard,L,orange,2246.328984375,1699.7971424766
966,HanoiStreet UM-25,Streetwear,Balanced,M,black,18.0665309928,10.5062123121
967,VietMode MP-27,Casual,Activewear,XL,yellow,4603.34,2585.235744
968,SaigonFlex UM-24,Streetwear,Balanced,XL,yellow,18774.5853982301,12475.7119971239
969,VietMode RP-04,Outdoor,Activewear,S,orange,3054.87,1714.087557
970,SaigonCore UR-02,Streetwear,Standard,S,green,5663.7,5380.515
971,PhoenixWear UR-07,Streetwear,Standard,XL,black,5354.37,2739.295692
972,LotusWear UR-51,Streetwear,Standard,XL,yellow,8186.85,6045.988725
973,VietMode RP-71,Outdoor,Activewear,XL,yellow,4469.5675862069,2982.5424502759
974,PhoenixWear UR-20,Streetwear,Standard,S,white,5279.3164285714,3096.847017
975,HanoiStreet RP-62,Outdoor,Activewear,L,white,22.3981396054,14.3550405133
976,VietMotion UR-13,Streetwear,Standard,L,red,23.8721313605,14.6379457995
977,VietMode RS-66,Outdoor,Premium,S,pink,30.314076033,18.6236881367
978,VietMode RS-46,Outdoor,Premium,S,pink,5496.2969662921,5221.4821179775
979,VietMotion UR-10,Streetwear,Standard,XL,silver,3338.37,1819.41165
980,VietMode RS-31,Outdoor,Premium,M,blue,31.9557452342,19.778896569
981,VietMode RS-44,Outdoor,Premium,L,green,21.678361372,13.4546223646
982,DragonWear UM-53,Streetwear,Balanced,L,green,29.7889424732,17.3344849243
983,VietMode RP-63,Outdoor,Activewear,XL,black,3202.9493023256,2458.9041793953
984,HanoiStreet RP-03,Outdoor,Activewear,XL,purple,1855.6303211009,1707.7365845092
985,VietMode RS-55,Outdoor,Premium,M,silver,4535.37,3411.958851
986,VietMode RP-28,Outdoor,Activewear,S,green,18.1513115308,10.1160815435
987,VietMode RP-51,Outdoor,Activewear,XL,yellow,4629.24,2730.788676
988,SaigonFlex UC-15,Streetwear,Everyday,L,red,5184.6242217899,3404.7427264494
989,VietMotion UC-33,Streetwear,Everyday,M,purple,9105.6025578563,6343.8733020585
990,MekongFit RP-29,Outdoor,Activewear,XL,blue,14.6545400126,8.1176531561
991,DragonWear UM-15,Streetwear,Balanced,S,pink,10710.0,5994.387
992,PhoenixWear UR-05,Streetwear,Standard,M,yellow,41.2165119878,26.2625165145
993,VietMode MA-27,Casual,All-weather,XL,black,21.8696873395,12.7848770494
994,HanoiStreet UR-15,Streetwear,Standard,M,yellow,25.4997412989,14.5002704597
995,SaigonFlex UC-14,Streetwear,Everyday,M,yellow,10084.3436842105,9580.1265
996,HanoiStreet UE-24,Streetwear,Performance,XL,purple,6677.37,6343.5015
997,LotusWear UR-11,Streetwear,Standard,XL,yellow,4799.2801675978,4433.5750188268
998,MekongFit RP-06,Outdoor,Activewear,S,red,1979.3606639004,1361.8001367635
999,SaigonFlex UC-10,Streetwear,Everyday,M,purple,8950.095,8502.59025
1000,BambooCraft UM-05,Streetwear,Balanced,XL,silver,11388.2493103448,5870.6425194828
