date,sessions,unique_visitors,page_views,bounce_rate,avg_session_duration_sec,traffic_source
2013-10-26,12422.0,8842.0,45914,0.004520000000000001,197.1,organic_search
2019-02-15,26260.0,19148.0,97929,0.00568,116.5,paid_search
2019-01-12,14383.0,11480.0,57737,0.00466,170.6,email_campaign
2017-09-30,22021.0,16969.0,95903,0.0034400000000000003,111.8,paid_search
2021-08-12,38269.0,29771.0,208637,0.00442,210.7,paid_search
2020-02-20,22647.0,16715.0,120782,0.00445,316.8,social_media
2022-10-14,18534.0,14990.0,78741,0.00447,210.2,paid_search
2013-04-01,24812.0,17641.0,117628,0.00551,178.5,social_media
2014-12-06,12995.0,9605.0,70307,0.005070000000000001,282.3,social_media
2019-04-13,44228.0,31397.0,187646,0.00322,197.8,organic_search
2013-03-26,20555.0,16341.0,109308,0.005770000000000001,242.7,social_media
2014-04-10,29376.0,21760.0,105496,0.004260000000000001,179.3,paid_search
2017-02-05,19918.0,14950.0,64989,0.005240000000000001,157.2,referral
2014-07-13,21016.0,15177.0,112942,0.0047,151.6,paid_search
2017-07-06,25118.0,18918.0,82615,0.0057,312.3,organic_search
2021-12-04,21716.0,16391.0,95580,0.005730000000000001,113.2,paid_search
2019-03-03,29633.0,23779.0,153733,0.00432,167.6,referral
2017-08-11,30520.0,21870.0,130101,0.00446,264.1,organic_search
2014-07-07,23149.0,17267.0,116966,0.0033100000000000004,221.1,social_media
2016-03-16,24017.0,19505.0,100833,0.004750000000000001,190.9,email_campaign
2015-04-11,32699.0,24505.0,156139,0.0034800000000000005,235.7,social_media
2014-04-09,29270.0,21990.0,145987,0.00502,224.1,organic_search
2016-08-02,29110.0,20880.0,147042,0.0037500000000000003,101.8,referral
2022-10-17,23281.0,18812.0,75013,0.0049700000000000005,202.4,social_media
2015-01-17,10268.0,7696.0,50373,0.00496,208.1,organic_search
2021-05-27,35745.0,28000.0,177423,0.00476,133.8,organic_search
2020-12-21,18862.0,15018.0,79432,0.0046,168.1,referral
2013-01-12,8730.0,6136.0,33336,0.00386,193.3,paid_search
2017-04-26,37962.0,27673.0,208232,0.00388,280.4,referral
2020-09-11,25825.0,19056.0,95585,0.00394,218.6,email_campaign
2014-07-27,21988.0,16247.0,95568,0.0057,125.4,paid_search
2022-02-25,22660.0,18520.0,110666,0.0050100000000000006,170.3,social_media
2015-08-22,28267.0,20186.0,105913,0.00386,291.8,paid_search
2017-06-21,35493.0,27221.0,143116,0.00353,204.6,paid_search
2017-06-02,34130.0,26604.0,146895,0.0033900000000000002,212.5,social_media
2014-09-06,16392.0,12341.0,61013,0.0034800000000000005,252.6,organic_search
2015-08-09,23894.0,18799.0,78998,0.00461,173.7,email_campaign
2021-01-11,16493.0,11978.0,55382,0.0044800000000000005,314.0,email_campaign
2019-05-03,33869.0,24127.0,159855,0.00568,229.6,social_media
2022-09-02,26168.0,21157.0,89557,0.0033,178.2,paid_search
2021-06-22,44414.0,35172.0,231173,0.004690000000000001,138.0,social_media
2016-06-12,28697.0,20793.0,103189,0.00353,121.1,organic_search
2020-08-12,39180.0,28426.0,215466,0.0046700000000000005,125.5,organic_search
2018-05-03,32729.0,24929.0,163856,0.005240000000000001,128.8,referral
2021-01-25,17059.0,12064.0,85576,0.00542,317.7,organic_search
2021-06-27,49137.0,39354.0,260766,0.005410000000000001,308.4,social_media
2016-10-31,14528.0,11617.0,48878,0.00447,200.6,organic_search
2016-05-21,32181.0,24897.0,123544,0.00438,130.4,organic_search
2017-02-26,19969.0,14510.0,94524,0.0044,220.0,social_media
2014-06-13,30261.0,22465.0,108371,0.004710000000000001,125.2,email_campaign
2014-06-28,28913.0,20500.0,128800,0.00557,254.8,referral
2022-10-12,15278.0,12043.0,64352,0.005200000000000001,220.3,email_campaign
2020-01-01,14183.0,10830.0,59821,0.0049,262.0,organic_search
2021-04-12,47621.0,35359.0,182817,0.00406,136.3,paid_search
2018-05-21,34907.0,28015.0,113096,0.005370000000000001,107.3,social_media
2014-12-20,12762.0,9406.0,55784,0.00455,277.7,social_media
2015-09-01,17480.0,13262.0,57096,0.00368,263.9,social_media
2022-10-18,20030.0,14036.0,71188,0.00395,162.3,organic_search
2018-02-26,17681.0,14289.0,93780,0.005110000000000001,143.3,email_campaign
2021-04-07,42648.0,32357.0,157589,0.0038900000000000002,167.3,organic_search
2013-05-07,28589.0,21318.0,147402,0.00555,197.7,organic_search
2016-08-25,30846.0,23195.0,102990,0.005730000000000001,296.6,social_media
2013-11-02,11668.0,9313.0,57812,0.00481,183.2,direct
2014-08-17,27595.0,19440.0,123897,0.00559,204.5,referral
2020-03-31,28802.0,21651.0,93574,0.00534,166.1,organic_search
2015-09-13,20180.0,15018.0,102993,0.005220000000000001,180.8,social_media
2014-09-08,19692.0,14268.0,82611,0.0041400000000000005,100.4,email_campaign
2017-11-18,13233.0,9863.0,59263,0.00566,178.4,social_media
2020-06-02,38550.0,27223.0,207470,0.004350000000000001,281.9,direct
2019-05-09,31426.0,25738.0,101030,0.00338,167.1,paid_search
2018-01-05,13547.0,9619.0,73673,0.0053100000000000005,164.9,organic_search
2018-07-27,28280.0,20923.0,151389,0.00559,153.0,paid_search
2018-12-24,18196.0,14167.0,81305,0.0032800000000000004,221.9,organic_search
2018-02-03,17142.0,12608.0,84791,0.0033200000000000005,276.7,paid_search
2013-12-06,12192.0,9853.0,54072,0.00459,254.2,paid_search
2015-12-08,15215.0,11241.0,69929,0.00354,227.8,organic_search
2018-11-09,14879.0,12155.0,53499,0.00527,155.6,direct
2014-03-08,20789.0,15662.0,93141,0.0036600000000000005,173.0,email_campaign
2014-09-02,17927.0,14108.0,89498,0.0034300000000000003,121.2,social_media
2020-03-04,30135.0,23498.0,131222,0.0034900000000000005,229.6,organic_search
2014-07-03,24291.0,19783.0,87191,0.0035600000000000002,299.1,paid_search
2020-11-01,18245.0,12972.0,61204,0.004050000000000001,261.0,paid_search
2014-07-16,25448.0,19172.0,86877,0.00525,245.5,direct
2015-02-15,17280.0,12439.0,68446,0.004260000000000001,274.5,organic_search
2013-10-22,14589.0,10511.0,47642,0.00338,207.1,direct
2014-11-27,11438.0,8649.0,52208,0.00434,210.8,social_media
2014-05-11,29095.0,21081.0,94942,0.0055000000000000005,146.2,referral
2018-06-04,34071.0,24605.0,187212,0.0057,290.4,referral
2017-09-18,26686.0,20277.0,86684,0.0033,231.8,social_media
2016-05-09,28369.0,21061.0,128664,0.00412,235.2,organic_search
2017-09-05,22874.0,17929.0,110468,0.0034800000000000005,181.6,organic_search
2021-02-17,27259.0,21684.0,107385,0.005560000000000001,115.0,social_media
2014-04-07,27724.0,20365.0,96746,0.0045000000000000005,212.3,paid_search
2015-09-22,19877.0,16252.0,63995,0.00436,103.3,email_campaign
2015-08-25,29244.0,22860.0,123604,0.0049900000000000005,274.9,paid_search
2013-07-27,18198.0,12889.0,70117,0.00462,279.9,social_media
2021-11-02,17580.0,13040.0,95858,0.005090000000000001,250.8,referral
2017-12-16,15380.0,12573.0,76990,0.004200000000000001,247.9,email_campaign
2021-12-05,18397.0,14224.0,70529,0.004710000000000001,251.3,email_campaign
2019-12-19,19761.0,14933.0,97788,0.00496,302.1,paid_search
2018-03-31,28256.0,19940.0,102427,0.0038300000000000005,160.0,organic_search
2022-07-04,31174.0,24165.0,110469,0.0038100000000000005,218.3,organic_search
2019-04-24,43102.0,30805.0,204218,0.0053300000000000005,109.8,email_campaign
2015-11-06,14154.0,11094.0,47606,0.0036300000000000004,271.6,paid_search
2014-09-19,17146.0,12184.0,80820,0.0058000000000000005,299.5,organic_search
2018-04-26,34008.0,25877.0,186139,0.0043,171.4,paid_search
2013-06-21,-100.0,21451.0,103139,0.00566,139.1,email_campaign
2017-01-05,12054.0,9143.0,55335,0.00487,158.4,email_campaign
2020-06-06,37001.0,28500.0,129323,0.00404,306.3,email_campaign
2016-02-24,18131.0,12967.0,69981,0.00402,126.9,email_campaign
2022-10-13,21504.0,15909.0,88710,0.00322,162.6,paid_search
2020-01-24,13647.0,11168.0,70273,0.00432,225.5,organic_search
2016-07-11,23750.0,17184.0,100402,0.00353,309.5,email_campaign
2019-04-12,40148.0,28212.0,213820,0.00478,229.2,email_campaign
2013-03-22,20729.0,16912.0,71130,0.00372,195.9,paid_search
2019-09-04,25524.0,18515.0,100727,0.0034600000000000004,270.1,email_campaign
2013-02-01,15758.0,11220.0,63433,0.004090000000000001,116.7,organic_search
2015-03-20,19678.0,15237.0,70975,0.004920000000000001,309.7,social_media
2022-01-30,14890.0,11490.0,58640,0.0034900000000000005,116.9,organic_search
2018-03-05,26618.0,20081.0,104341,0.0046500000000000005,195.2,organic_search
2020-02-26,22835.0,18087.0,77810,0.00496,285.3,social_media
2017-09-16,23441.0,17775.0,78852,0.00466,191.4,social_media
2013-09-01,17091.0,12233.0,74574,0.005180000000000001,106.8,referral
2017-07-15,28075.0,20085.0,111258,0.00333,234.6,paid_search
2021-04-17,47170.0,34731.0,171205,0.00534,115.7,paid_search
2016-10-10,17553.0,12553.0,69444,0.00421,191.3,social_media
2019-07-12,31992.0,23290.0,134627,0.00555,130.9,organic_search
2020-08-31,30899.0,23108.0,120249,0.004240000000000001,280.9,paid_search
2021-07-27,33644.0,23932.0,164830,0.004560000000000001,191.4,organic_search
2014-08-07,23454.0,18090.0,102654,0.0033200000000000005,110.3,email_campaign
2017-11-08,15737.0,12892.0,70203,0.0037300000000000002,178.2,referral
2013-10-14,14459.0,11334.0,50446,0.00413,231.0,organic_search
2022-12-26,21676.0,17160.0,79557,0.004710000000000001,174.5,paid_search
2013-09-18,19581.0,14167.0,80144,0.004580000000000001,158.9,organic_search
2021-03-22,33491.0,26683.0,121744,0.004390000000000001,103.1,direct
2014-11-10,11746.0,8557.0,42791,0.00432,231.7,organic_search
2017-10-12,17354.0,13593.0,92248,0.0040100000000000005,151.3,email_campaign
2019-09-10,22230.0,17279.0,115152,0.00479,297.0,paid_search
2015-04-09,33264.0,25339.0,131080,0.0033,311.8,email_campaign
2016-03-13,23591.0,18027.0,78079,0.0035700000000000003,237.1,email_campaign
2015-01-18,10164.0,7618.0,54711,0.005220000000000001,305.3,organic_search
2019-09-29,22213.0,16984.0,98269,0.005260000000000001,233.5,social_media
2016-05-22,27855.0,21321.0,133211,0.00549,186.6,email_campaign
2020-01-03,14810.0,10936.0,74913,0.00564,147.4,organic_search
2014-06-14,29999.0,23096.0,122404,0.00557,214.3,paid_search
2018-03-24,26212.0,21135.0,127578,0.00508,184.9,social_media
2018-11-20,17846.0,14400.0,87533,0.0045000000000000005,182.0,email_campaign
2013-10-31,15782.0,12006.0,85169,0.00421,193.6,referral
2020-09-19,23948.0,17545.0,83188,0.0041600000000000005,181.4,organic_search
2015-11-29,14441.0,11536.0,75285,0.00434,139.2,organic_search
2016-11-15,16722.0,13433.0,76078,0.00413,178.0,paid_search
2021-03-30,27851.0,21589.0,134872,0.00472,193.7,organic_search
2018-11-14,16436.0,12825.0,87206,0.00487,198.1,social_media
2018-03-26,25091.0,18621.0,119391,0.00428,205.3,direct
2022-06-04,42514.0,30168.0,160294,0.00513,115.0,social_media
2020-08-21,33606.0,25978.0,109747,0.0056300000000000005,279.8,social_media
2016-02-23,19443.0,15525.0,65423,0.00337,124.0,paid_search
2019-08-18,32176.0,23289.0,152259,0.0034700000000000004,151.5,social_media
2016-08-29,27102.0,21683.0,109621,0.004,157.4,social_media
2020-12-18,20218.0,14273.0,75635,0.00519,307.7,organic_search
2020-12-31,17767.0,13361.0,93445,0.00519,109.3,email_campaign
2022-08-27,36063.0,25453.0,181340,0.00491,244.5,paid_search
2017-09-15,18682.0,14184.0,86802,0.005540000000000001,236.3,organic_search
2019-11-05,18603.0,13193.0,87384,0.0035600000000000002,106.2,paid_search
2015-07-14,25268.0,19699.0,122868,0.00566,289.2,organic_search
2022-01-24,16327.0,12551.0,58647,0.005220000000000001,237.6,referral
2015-03-30,21988.0,15721.0,91135,0.00386,230.9,organic_search
2016-10-04,18099.0,14630.0,86359,0.00427,270.3,paid_search
2017-09-07,24979.0,18665.0,82315,0.005750000000000001,212.2,organic_search
2015-11-11,13290.0,10715.0,59892,0.00372,267.8,paid_search
2013-04-05,32435.0,24802.0,158360,0.00421,269.6,organic_search
2021-09-23,28950.0,21182.0,140514,0.0032700000000000003,249.3,referral
2018-10-08,19068.0,13677.0,65463,0.00561,170.3,social_media
2020-07-19,34393.0,26947.0,145541,0.004410000000000001,180.0,social_media
2020-07-02,27460.0,21481.0,146044,0.00574,269.2,email_campaign
2018-09-27,22241.0,17169.0,112579,0.004390000000000001,153.6,paid_search
2015-03-21,26207.0,20418.0,100420,0.0037,118.5,social_media
2016-03-29,24782.0,19479.0,88649,0.00353,275.0,paid_search
2018-03-09,29115.0,20468.0,127999,0.0046300000000000004,229.0,referral
2017-04-10,33877.0,24739.0,131585,0.0058000000000000005,202.9,email_campaign
2018-11-05,13853.0,9904.0,50174,0.00508,160.2,paid_search
2017-07-25,30138.0,21262.0,110196,0.004770000000000001,280.9,social_media
2018-06-22,36318.0,26821.0,177512,0.00408,206.2,organic_search
2014-05-26,29609.0,23230.0,125918,0.00425,237.2,organic_search
2015-07-05,26737.0,19679.0,85774,0.00547,176.4,organic_search
2014-06-25,30658.0,24091.0,153275,0.00421,138.1,email_campaign
2021-07-28,34683.0,25833.0,113756,0.0036100000000000004,264.4,social_media
2021-07-01,37571.0,29901.0,180410,0.0036200000000000004,141.3,email_campaign
2013-08-25,23027.0,18302.0,124556,0.0032600000000000003,316.9,social_media
2019-04-21,38052.0,27648.0,145134,0.00353,161.2,organic_search
2019-10-04,20576.0,16713.0,81640,0.00335,227.1,referral
2016-06-08,36825.0,28833.0,126407,0.00529,157.7,social_media
2020-02-18,23688.0,19373.0,121108,0.005580000000000001,202.3,paid_search
2021-08-06,41901.0,33170.0,150778,0.0056300000000000005,245.9,direct
2015-11-21,14699.0,11383.0,52048,0.004770000000000001,114.2,email_campaign
2018-08-27,34463.0,25911.0,179758,0.0032,189.9,paid_search
2019-05-17,37582.0,29636.0,185076,0.00544,306.9,organic_search
2018-10-02,20271.0,15969.0,70112,0.004540000000000001,243.0,social_media
2022-12-22,20194.0,16347.0,67520,0.0032800000000000004,137.2,organic_search
2015-04-02,30456.0,22808.0,137521,0.004070000000000001,167.6,paid_search
2021-04-05,47943.0,35534.0,209958,0.0038300000000000005,290.8,paid_search
2019-09-07,23733.0,16764.0,98671,0.0036300000000000004,139.7,referral
2018-09-17,22065.0,16173.0,117402,0.00557,191.4,social_media
2013-01-27,8604.0,6327.0,44601,0.005540000000000001,222.6,referral
2019-06-25,37671.0,27919.0,129819,0.005030000000000001,253.6,social_media
2021-12-06,20668.0,15918.0,67398,0.00472,150.0,organic_search
2016-03-15,26245.0,21094.0,107523,0.0041800000000000006,255.1,email_campaign
2019-05-07,38311.0,27298.0,156221,0.004220000000000001,144.3,email_campaign
2017-10-26,19358.0,14916.0,98511,0.00367,161.3,paid_search
2014-01-08,11340.0,9281.0,41050,0.0036200000000000004,221.5,social_media
2022-11-10,17937.0,13772.0,92814,0.00496,277.7,organic_search
2014-02-14,14509.0,11532.0,61350,0.0038900000000000002,226.3,organic_search
2015-01-03,11528.0,8833.0,40725,0.0038300000000000005,249.4,organic_search
2014-12-04,14206.0,10153.0,52846,0.005750000000000001,255.7,organic_search
2018-09-10,23077.0,16331.0,84070,0.0046700000000000005,315.6,referral
2015-01-10,11873.0,8645.0,64601,0.0034200000000000003,134.3,organic_search
2014-04-20,30149.0,23019.0,144722,0.0038300000000000005,249.2,paid_search
2018-10-29,16800.0,12522.0,83164,0.004750000000000001,118.8,referral
2014-01-03,10230.0,8247.0,42607,0.005430000000000001,249.9,social_media
2019-03-24,28415.0,23292.0,140934,0.0036500000000000005,273.6,paid_search
2013-01-22,10100.0,7469.0,39597,0.00504,250.0,email_campaign
2016-07-10,26627.0,18741.0,121806,0.00495,142.3,organic_search
2013-07-10,22911.0,17844.0,91089,0.00504,214.5,organic_search
2015-06-04,28794.0,21415.0,121730,0.00523,162.3,email_campaign
2014-01-11,11306.0,9172.0,52326,0.0045000000000000005,116.2,referral
2017-12-23,16850.0,12718.0,87565,0.0036100000000000004,113.8,referral
2013-06-17,28092.0,21312.0,92163,0.0037800000000000004,152.1,organic_search
2015-09-28,18337.0,14106.0,67729,0.005560000000000001,111.4,referral
2016-07-21,26495.0,20970.0,114364,0.00387,119.0,social_media
2021-05-17,40445.0,29227.0,133550,0.0038300000000000005,152.7,social_media
2019-06-02,36512.0,28207.0,156568,0.0044,233.9,email_campaign
2018-11-16,15836.0,11472.0,82918,0.00438,235.5,email_campaign
2017-10-04,17386.0,13879.0,59820,0.00513,127.7,referral
2013-09-10,17160.0,14066.0,72179,0.00438,268.7,referral
2015-01-25,10995.0,8907.0,48943,0.00551,294.0,organic_search
2014-11-21,14690.0,10969.0,49729,0.0056300000000000005,133.5,organic_search
2017-01-29,13325.0,10241.0,65733,0.0034000000000000002,296.0,referral
2016-01-17,10008.0,7752.0,45333,0.0041400000000000005,250.9,paid_search
2019-11-01,16216.0,12680.0,70987,0.00529,157.5,organic_search
2018-04-18,39902.0,31111.0,194491,0.005750000000000001,118.2,social_media
2015-09-02,20702.0,16666.0,69558,0.0032800000000000004,118.3,paid_search
2017-04-18,32079.0,24550.0,106023,0.0032300000000000002,112.9,organic_search
2019-05-20,33598.0,24840.0,175466,0.004750000000000001,185.5,paid_search
2016-08-10,33121.0,27111.0,133606,0.004920000000000001,132.5,referral
2016-09-28,20824.0,15238.0,110681,0.00544,163.1,organic_search
2014-04-23,26922.0,21973.0,128715,0.00391,154.7,email_campaign
2017-01-09,11802.0,8776.0,58449,0.00466,197.2,organic_search
2021-04-11,43154.0,32111.0,138797,0.004770000000000001,123.6,organic_search
2016-03-27,27557.0,22581.0,93947,0.00335,131.6,organic_search
2013-11-04,10715.0,8320.0,47693,0.004090000000000001,266.8,email_campaign
2018-02-17,19469.0,14949.0,76665,0.00442,105.0,organic_search
2020-01-23,13978.0,10732.0,60429,0.00445,146.8,organic_search
2014-11-22,11106.0,8861.0,43498,0.004,192.6,organic_search
2016-06-25,36799.0,28971.0,181381,0.00391,178.7,paid_search
2014-10-05,15183.0,11554.0,55577,0.00421,280.6,social_media
2020-04-18,48136.0,34468.0,216916,0.0037600000000000003,129.1,direct
2013-08-22,20674.0,16052.0,88395,0.00368,108.9,paid_search
2018-04-04,34281.0,25289.0,151738,0.00515,303.6,organic_search
2018-07-11,28821.0,23357.0,125619,0.004050000000000001,297.7,social_media
2021-04-13,43787.0,33075.0,237704,0.0039700000000000004,108.1,email_campaign
2018-09-06,23575.0,17588.0,98789,0.0047,175.0,paid_search
2022-03-04,29143.0,20720.0,149452,0.00442,279.9,email_campaign
2016-02-04,16103.0,12176.0,52113,0.0036600000000000005,107.6,organic_search
2014-05-25,30338.0,21404.0,120860,0.005770000000000001,167.1,email_campaign
2019-10-24,20281.0,16545.0,105059,0.005390000000000001,228.9,email_campaign
2013-09-04,16020.0,12505.0,55806,0.004370000000000001,176.3,email_campaign
2019-10-05,18690.0,13716.0,68234,0.0034100000000000003,122.0,email_campaign
2016-04-23,28997.0,21502.0,106569,0.005110000000000001,264.2,email_campaign
2019-02-19,21342.0,16787.0,100305,0.0049900000000000005,286.3,paid_search
2016-01-24,12224.0,8763.0,54172,0.005390000000000001,283.0,organic_search
2020-01-27,15354.0,12334.0,70501,0.00517,195.5,paid_search
2015-04-23,33494.0,26912.0,158159,0.0041,203.7,organic_search
2013-12-13,13337.0,9763.0,69039,0.004390000000000001,294.0,organic_search
2015-12-20,15075.0,12232.0,52971,0.0038200000000000005,136.8,organic_search
2013-12-03,14986.0,12043.0,65628,0.005030000000000001,162.8,organic_search
2015-08-29,28818.0,22955.0,158022,0.0037700000000000003,282.4,referral
2017-04-30,33629.0,23674.0,152003,0.0039000000000000003,113.5,email_campaign
2019-07-27,25171.0,20184.0,93475,0.0048200000000000005,315.1,paid_search
2022-07-16,36700.0,29083.0,182157,0.00578,298.3,organic_search
2014-08-02,24590.0,19673.0,104410,0.0038900000000000002,301.5,organic_search
2017-07-26,29732.0,22503.0,146625,0.004030000000000001,289.5,direct
2014-12-16,14337.0,11208.0,71824,0.0034800000000000005,121.8,referral
2014-04-27,31694.0,22215.0,170628,0.00449,145.2,paid_search
2015-10-24,15087.0,11501.0,52076,0.00532,204.3,direct
2014-02-09,16200.0,11546.0,85048,0.00427,141.2,paid_search
2019-03-14,30018.0,23278.0,124240,0.0039900000000000005,232.6,organic_search
2018-11-02,13047.0,9573.0,43887,0.00564,127.6,email_campaign
2017-03-24,29258.0,21262.0,108868,0.0037900000000000004,185.0,direct
2020-04-20,46424.0,35176.0,187668,0.00564,245.8,referral
2019-06-21,40287.0,30805.0,164957,0.0034100000000000003,196.7,social_media
2018-09-19,25224.0,19107.0,122166,0.0049900000000000005,155.2,organic_search
2013-04-19,27256.0,21981.0,90395,0.003920000000000001,109.1,paid_search
2016-11-21,16673.0,12248.0,63606,0.00532,175.6,referral
2015-07-16,25987.0,18625.0,134344,0.0032900000000000004,226.6,email_campaign
2013-11-07,9896.0,7936.0,41435,0.00372,271.6,direct
2017-05-15,30119.0,22719.0,105449,0.00395,104.1,email_campaign
2021-03-07,36948.0,28600.0,157069,0.0056500000000000005,225.9,social_media
2021-07-06,31012.0,23158.0,156722,0.0035800000000000003,154.2,organic_search
2018-01-22,13976.0,10323.0,74019,0.0038100000000000005,168.6,direct
2014-05-21,27548.0,20709.0,139667,0.00555,246.8,organic_search
2020-11-21,17079.0,12036.0,83706,0.0034700000000000004,295.2,social_media
2017-10-11,17697.0,14266.0,67961,0.004260000000000001,291.3,paid_search
2016-10-21,18497.0,13104.0,61071,0.00398,135.0,email_campaign
2017-06-29,37150.0,27468.0,120218,0.00421,124.4,organic_search
2022-11-09,14299.0,-50.0,78119,0.00423,314.2,email_campaign
2015-12-17,15145.0,12005.0,79733,0.0047,109.1,social_media
2013-08-24,22020.0,16468.0,117994,0.0054,253.3,organic_search
2015-10-25,17383.0,13762.0,79446,0.0053100000000000005,198.3,paid_search
2015-05-02,33476.0,26822.0,182726,0.0051,219.9,organic_search
2013-12-07,12562.0,8902.0,51547,0.00444,184.5,paid_search
2021-05-21,40494.0,30867.0,207787,0.00544,279.2,email_campaign
2013-05-22,25706.0,19005.0,88509,0.005370000000000001,198.2,social_media
2016-11-07,14412.0,10835.0,58813,0.0032500000000000003,225.5,direct
2022-10-29,20080.0,14795.0,89735,0.00457,258.0,email_campaign
2020-03-08,35044.0,24718.0,166817,0.00561,183.1,paid_search
2020-10-22,19036.0,14034.0,92719,0.00461,145.3,email_campaign
2022-03-31,39105.0,28896.0,147447,0.004090000000000001,111.7,paid_search
2019-04-29,38891.0,28675.0,130645,0.0034200000000000003,121.1,paid_search
2015-04-20,33331.0,27313.0,182278,0.0056700000000000006,135.3,organic_search
2014-12-14,12133.0,9704.0,55972,0.00489,263.5,paid_search
2021-09-22,23720.0,19155.0,125345,0.00395,108.6,direct
2020-07-21,35054.0,27530.0,126216,0.00451,203.5,organic_search
2018-06-24,38453.0,28066.0,202524,0.00394,129.4,paid_search
2014-11-04,12479.0,9521.0,50077,0.00322,230.8,organic_search
2021-11-30,15377.0,11989.0,55274,0.004770000000000001,221.3,referral
2018-05-26,38529.0,27569.0,177123,0.004260000000000001,259.0,social_media
2021-03-13,31175.0,24629.0,112065,0.00406,307.3,direct
2021-01-12,15881.0,11461.0,69707,0.00466,319.8,paid_search
2021-09-26,26085.0,20400.0,95877,0.004940000000000001,318.7,organic_search
2021-04-24,45034.0,36788.0,211215,0.005110000000000001,115.6,referral
2020-10-20,19028.0,15363.0,64480,0.005710000000000001,285.2,paid_search
2013-07-14,19989.0,14732.0,82309,0.00387,208.7,paid_search
2021-03-04,34850.0,24960.0,180481,0.00534,218.7,organic_search
2022-02-02,27306.0,21266.0,126792,0.0035,162.0,organic_search
2016-06-10,30303.0,21771.0,102242,0.00391,140.7,email_campaign
2016-06-30,33061.0,25436.0,157305,0.0048400000000000006,275.1,email_campaign
2022-10-07,20341.0,15198.0,108359,0.00542,277.7,direct
2018-01-25,12850.0,9395.0,65032,0.0032500000000000003,190.2,paid_search
2015-07-29,23935.0,17376.0,101797,0.004540000000000001,115.3,referral
2015-06-15,32287.0,25912.0,128566,0.0041,238.4,social_media
2021-07-23,32445.0,26329.0,134930,0.00425,202.6,social_media
2014-10-16,16025.0,12454.0,81588,0.0038300000000000005,272.8,social_media
2014-02-05,14372.0,10247.0,59542,0.00551,124.6,paid_search
2021-10-01,24386.0,17960.0,123393,0.0043,294.8,social_media
2014-03-21,21123.0,16314.0,83362,0.003920000000000001,188.7,direct
2014-05-12,28899.0,22803.0,134458,0.00446,215.8,paid_search
2019-05-05,43470.0,31878.0,145614,0.00369,128.4,paid_search
2013-07-24,23873.0,18037.0,83203,0.0056500000000000005,202.2,email_campaign
2017-07-23,25790.0,18090.0,117908,0.00561,213.1,email_campaign
2019-12-01,19995.0,16006.0,99403,0.0041600000000000005,206.4,organic_search
2018-01-23,14031.0,10228.0,45833,0.0035900000000000003,284.0,social_media
2022-04-16,39654.0,29009.0,205953,0.00525,186.2,social_media
2021-08-20,36779.0,28824.0,123466,0.00367,297.9,paid_search
2017-08-18,30910.0,21663.0,162728,0.005450000000000001,104.9,organic_search
2015-01-22,12159.0,9424.0,53924,0.0038300000000000005,256.3,referral
2020-10-26,21875.0,17852.0,75409,0.0037400000000000003,251.9,social_media
2018-06-17,33962.0,26621.0,114192,0.00572,202.2,paid_search
2022-04-08,46962.0,33939.0,177371,0.0055000000000000005,103.2,paid_search
2018-06-03,36288.0,28957.0,120447,0.00464,280.3,referral
2022-10-08,24311.0,19360.0,90149,0.00395,153.3,organic_search
2015-01-24,12673.0,9972.0,52366,0.00449,176.6,organic_search
2017-07-19,29232.0,23099.0,131517,0.00432,309.9,email_campaign
2014-11-13,12214.0,9340.0,58391,0.0032600000000000003,266.7,social_media
2022-02-13,23278.0,16982.0,88382,0.00427,153.9,organic_search
2015-10-07,15755.0,12150.0,79517,0.00417,126.0,social_media
2019-06-09,36665.0,26939.0,146871,0.0048400000000000006,246.3,organic_search
2014-12-22,13175.0,10041.0,61750,0.00521,258.2,organic_search
2013-12-29,14050.0,11493.0,56883,0.0041600000000000005,174.7,organic_search
2020-04-23,44106.0,34167.0,170615,0.00544,157.7,direct
2018-05-20,34373.0,26804.0,112561,0.004050000000000001,108.9,email_campaign
2021-08-09,39113.0,27660.0,163795,0.004880000000000001,116.1,paid_search
2018-04-09,38879.0,29987.0,153130,0.004050000000000001,107.5,social_media
2013-08-09,21871.0,16990.0,105802,0.00368,317.0,organic_search
2015-02-17,16802.0,12521.0,74388,0.00445,139.1,paid_search
2022-01-07,16784.0,12436.0,86241,0.00406,186.3,direct
2013-04-20,21636.0,15934.0,90602,0.00495,204.7,referral
2019-07-06,30267.0,24108.0,98786,0.0049,198.2,email_campaign
2020-11-17,16039.0,12068.0,67477,0.0056300000000000005,128.4,organic_search
2018-10-28,18790.0,14337.0,74564,0.0037400000000000003,265.4,organic_search
2022-10-31,21079.0,14809.0,78371,0.00549,262.3,organic_search
2013-04-17,29585.0,21004.0,94904,0.004520000000000001,105.9,social_media
2021-07-14,38621.0,27441.0,155193,0.00534,304.3,organic_search
2014-02-03,15293.0,12184.0,75902,0.005200000000000001,219.2,direct
2017-03-16,23997.0,18520.0,93928,0.00322,291.2,social_media
2016-08-23,29012.0,22783.0,134510,0.0034400000000000003,298.5,paid_search
2020-05-22,45512.0,34966.0,170596,0.005350000000000001,196.7,paid_search
2017-10-05,17122.0,12358.0,80059,0.005430000000000001,246.5,referral
2019-02-20,20880.0,16896.0,110379,0.00338,284.5,paid_search
2022-11-01,18752.0,13778.0,88117,0.0035600000000000002,309.0,paid_search
2016-06-24,38202.0,29924.0,190436,0.00485,282.1,social_media
2021-06-15,44310.0,31547.0,210222,0.004920000000000001,195.6,social_media
2022-11-14,16503.0,12338.0,77142,0.00529,155.3,direct
2015-06-07,32243.0,25956.0,145312,0.00547,256.8,social_media
2014-01-15,10310.0,7878.0,44709,0.0036200000000000004,123.8,direct
2020-03-17,27849.0,19600.0,141749,0.005350000000000001,210.9,organic_search
2016-04-27,33081.0,25297.0,181029,0.005240000000000001,196.6,paid_search
2016-01-01,11641.0,8712.0,37634,0.00559,267.3,email_campaign
2013-12-25,13141.0,10384.0,67446,0.0048200000000000005,193.3,social_media
2017-12-19,19770.0,14315.0,68091,0.00413,310.4,organic_search
2014-09-28,16535.0,13449.0,72467,0.0037,242.5,organic_search
2022-08-08,37273.0,30036.0,179334,0.0046500000000000005,185.7,paid_search
2021-07-15,34804.0,27447.0,145288,0.0040100000000000005,304.9,organic_search
2019-10-28,20661.0,15063.0,76738,0.00564,131.9,email_campaign
2014-01-20,10678.0,8033.0,41933,0.0041400000000000005,149.6,organic_search
2015-08-05,29226.0,21369.0,95035,0.00445,299.2,organic_search
2019-04-01,44576.0,34666.0,212249,0.00561,299.7,social_media
2020-12-01,19647.0,14036.0,101454,0.00425,101.6,organic_search
2014-01-16,11632.0,8624.0,55483,0.005450000000000001,222.1,social_media
2020-03-26,32870.0,23721.0,177471,0.0039900000000000005,271.3,paid_search
2021-09-09,25832.0,18779.0,102486,0.0032500000000000003,100.5,organic_search
2019-11-20,18980.0,13952.0,102357,0.00408,143.1,referral
2016-05-16,30307.0,23701.0,132156,0.005450000000000001,292.6,organic_search
2015-02-27,14926.0,11229.0,53940,0.005450000000000001,166.2,social_media
2021-08-16,42739.0,32073.0,186199,0.005690000000000001,263.5,organic_search
2016-09-08,21760.0,16332.0,101591,0.0034700000000000004,108.0,referral
2022-04-15,44514.0,34678.0,218562,0.00457,203.9,organic_search
2016-03-09,30824.0,25068.0,141783,0.005750000000000001,279.8,paid_search
2021-08-13,37306.0,29688.0,123156,0.005370000000000001,316.2,organic_search
2022-08-16,34912.0,26494.0,184855,0.0046700000000000005,241.9,social_media
2014-09-29,999999999.0,14785.0,75135,0.00411,136.3,referral
2019-09-06,26547.0,20170.0,89760,0.005770000000000001,187.6,paid_search
2014-03-23,20889.0,15510.0,67631,0.00542,287.5,social_media
2016-12-24,13567.0,10748.0,66087,0.0049,307.2,organic_search
2017-11-29,14488.0,11480.0,59571,0.005280000000000001,269.2,social_media
2017-03-27,28655.0,22329.0,106341,0.0034900000000000005,146.1,referral
2019-11-21,15257.0,12502.0,55603,0.005180000000000001,147.9,direct
2016-04-03,39853.0,32209.0,171112,0.00504,189.2,paid_search
2016-08-14,27633.0,20341.0,90982,0.005090000000000001,156.4,social_media
2022-03-05,33090.0,26348.0,124117,0.00354,266.0,paid_search
2013-10-21,12745.0,9506.0,53990,0.00578,274.1,organic_search
2018-12-08,19012.0,14291.0,82685,0.00474,171.6,organic_search
2019-09-03,25072.0,17728.0,119670,0.005430000000000001,177.2,email_campaign
2022-06-02,38883.0,28520.0,165887,0.0036000000000000003,136.6,organic_search
2015-12-11,15391.0,11318.0,67959,0.0035700000000000003,177.7,organic_search
2021-04-18,42920.0,32739.0,155375,0.0032400000000000003,144.0,paid_search
2021-06-08,45781.0,37084.0,219913,0.0048000000000000004,130.8,organic_search
2014-06-10,27671.0,21455.0,121832,0.00523,235.3,referral
2017-04-17,28523.0,22616.0,137529,0.00333,239.8,organic_search
2020-11-15,14260.0,10406.0,61122,0.00412,188.5,organic_search
2022-08-26,38935.0,29454.0,168649,0.00493,260.2,organic_search
2013-09-16,16977.0,12773.0,84823,0.00353,102.7,organic_search
2017-02-17,19370.0,14607.0,104239,0.005520000000000001,210.6,paid_search
2019-11-08,15016.0,11357.0,81893,0.0034000000000000002,287.6,social_media
2020-08-30,36313.0,27199.0,161767,0.0043300000000000005,233.7,referral
2014-08-04,25170.0,19950.0,101848,0.004,107.4,paid_search
2017-10-20,17968.0,14229.0,95705,0.004240000000000001,134.0,organic_search
2018-05-06,41927.0,31062.0,200310,0.0037600000000000003,200.2,referral
2021-08-01,37105.0,27725.0,195190,0.0039000000000000003,187.9,paid_search
2016-08-15,31092.0,23420.0,110105,0.00515,121.7,organic_search
2016-11-08,15021.0,10948.0,56211,0.0033200000000000005,142.2,paid_search
2016-02-29,18504.0,14317.0,93760,0.0044,292.7,social_media
2021-08-05,37593.0,29342.0,166972,0.005050000000000001,278.1,paid_search
2013-05-05,26820.0,19885.0,116224,0.0038300000000000005,209.1,email_campaign
2015-09-26,21009.0,17168.0,108813,0.004070000000000001,179.5,paid_search
2018-04-21,34335.0,24248.0,136326,0.00525,278.5,paid_search
2020-05-05,46233.0,36589.0,201181,0.003920000000000001,129.7,social_media
2016-12-03,16495.0,12690.0,63476,0.00478,257.6,organic_search
2020-10-30,22356.0,17201.0,94204,0.00408,182.9,email_campaign
2018-11-01,15431.0,12049.0,57107,0.004200000000000001,230.1,organic_search
2020-07-12,27495.0,20220.0,150199,0.0033900000000000002,160.2,direct
2014-06-23,28623.0,21810.0,155716,0.005770000000000001,168.7,paid_search
2016-10-03,16160.0,13151.0,84680,0.00368,255.4,organic_search
2014-10-28,14021.0,10144.0,72386,0.00396,209.1,paid_search
2020-08-07,41155.0,32438.0,133104,0.00493,302.0,organic_search
2021-08-26,44382.0,33320.0,172425,0.0035800000000000003,212.0,referral
2020-12-07,17942.0,14544.0,75482,0.00385,124.6,social_media
2017-10-21,18349.0,14662.0,66645,0.00549,197.8,organic_search
2022-05-02,43201.0,31271.0,152718,0.00529,110.5,paid_search
2016-11-04,15480.0,12205.0,65097,0.00336,152.5,paid_search
2016-09-11,20958.0,16065.0,108501,0.00368,228.5,organic_search
2016-04-24,34414.0,25043.0,161566,0.00572,105.1,organic_search
2019-05-12,33210.0,25645.0,133895,0.005200000000000001,294.7,email_campaign
2013-08-16,21594.0,15178.0,70937,0.004200000000000001,127.9,paid_search
2015-10-12,13664.0,10610.0,66043,0.0036600000000000005,170.8,direct
2020-09-23,28929.0,21337.0,145147,0.005410000000000001,308.1,organic_search
2013-08-12,24576.0,17742.0,103910,0.00536,219.8,direct
2020-09-27,29837.0,23097.0,142121,0.0053300000000000005,315.7,organic_search
2022-07-25,32502.0,23998.0,126179,0.00519,141.1,direct
2018-02-28,23064.0,18450.0,121432,0.00462,189.7,organic_search
2020-07-14,32527.0,23555.0,137331,0.0032300000000000002,240.8,paid_search
2015-06-17,35371.0,28846.0,155050,0.004220000000000001,217.0,social_media
2016-10-16,16728.0,12769.0,77896,0.00462,289.6,email_campaign
2014-07-21,23563.0,16839.0,117759,0.00444,196.9,paid_search
2015-03-07,20579.0,16101.0,83988,0.0038400000000000005,143.0,social_media
2015-01-23,13034.0,10656.0,62656,0.00508,238.1,organic_search
2015-06-29,34732.0,24375.0,156417,0.0044,233.6,social_media
2017-04-29,34984.0,26887.0,117941,0.0033900000000000002,313.7,social_media
2017-01-15,12653.0,9484.0,44274,0.00529,311.3,social_media
2018-08-17,31433.0,23332.0,161030,0.00496,226.4,social_media
2016-06-19,38767.0,27509.0,168541,0.004560000000000001,315.5,social_media
2015-04-05,34818.0,26213.0,179530,0.00351,283.5,referral
2021-06-05,46818.0,37746.0,238843,0.00404,162.2,email_campaign
2014-03-30,21014.0,17170.0,96869,0.0036100000000000004,266.0,organic_search
2017-09-17,21658.0,16922.0,102167,0.00578,138.3,paid_search
2021-03-08,35780.0,27855.0,140464,0.0034900000000000005,178.3,referral
2020-12-25,19207.0,14605.0,70159,0.0034300000000000003,250.6,paid_search
2016-06-13,34063.0,26928.0,163122,0.0046500000000000005,272.3,paid_search
2013-06-13,27752.0,19777.0,151236,0.0034700000000000004,106.4,organic_search
2021-06-03,48600.0,38637.0,184769,0.00478,317.2,organic_search
2016-01-03,13218.0,9831.0,64885,0.0056500000000000005,208.5,paid_search
2017-01-12,12525.0,9985.0,45854,0.00521,287.0,email_campaign
2016-12-19,18344.0,13487.0,67232,0.00352,236.3,organic_search
2020-09-14,28528.0,21280.0,108347,0.0038900000000000002,148.8,email_campaign
2019-07-11,36925.0,28683.0,119806,0.00547,278.9,referral
2020-11-22,16764.0,12087.0,75792,0.00542,254.4,paid_search
2013-07-07,19573.0,15181.0,74366,0.005540000000000001,219.4,paid_search
2016-01-07,11373.0,8618.0,59432,0.00412,312.2,social_media
2015-02-04,17552.0,12726.0,92236,0.0034600000000000004,220.5,email_campaign
2018-08-01,34337.0,26084.0,135710,0.00479,204.2,organic_search
2015-04-30,28994.0,22062.0,150712,0.00394,267.3,direct
2014-05-08,22054.0,15883.0,78562,0.00578,114.3,referral
2019-07-03,30229.0,24504.0,151719,0.00504,159.1,organic_search
2016-05-01,34863.0,28526.0,139903,0.0056300000000000005,161.1,paid_search
2017-05-05,34742.0,26251.0,146458,0.0037700000000000003,254.8,social_media
2022-03-23,35235.0,27474.0,187204,0.005410000000000001,174.4,paid_search
2013-09-27,15631.0,12772.0,85398,0.00532,292.3,organic_search
2014-07-22,20852.0,16050.0,98954,0.004710000000000001,221.2,organic_search
2013-12-10,14413.0,10733.0,46851,0.00408,254.9,social_media
2021-08-18,33929.0,26293.0,149882,0.0037600000000000003,162.6,paid_search
2017-06-27,35040.0,27683.0,132527,0.005770000000000001,233.5,social_media
2021-12-17,19112.0,13571.0,77118,0.00432,148.1,paid_search
2019-10-14,19857.0,15369.0,108752,0.0056500000000000005,233.8,paid_search
2014-07-25,23097.0,18708.0,79029,0.00495,205.3,social_media
2021-01-30,16213.0,12103.0,85859,0.00557,251.5,paid_search
2021-12-18,18789.0,15217.0,75059,0.00385,230.4,organic_search
2022-05-19,50386.0,38175.0,275560,0.004070000000000001,288.5,organic_search
2016-03-11,24168.0,16941.0,81811,0.00549,162.8,organic_search
2017-06-23,33715.0,24358.0,120962,0.00321,102.8,referral
2014-05-23,28489.0,22749.0,96527,0.0051400000000000005,252.9,organic_search
2022-05-27,37986.0,27205.0,169620,0.00529,172.7,organic_search
2017-04-04,33989.0,27225.0,155858,0.0039000000000000003,175.9,paid_search
2018-01-28,14338.0,10498.0,54629,0.00428,114.3,paid_search
2019-09-26,24782.0,20223.0,113023,0.0043,107.0,organic_search
2018-11-26,15157.0,11521.0,51414,0.004410000000000001,229.9,paid_search
2021-05-08,42180.0,30797.0,202495,0.00353,127.5,organic_search
2017-04-09,34091.0,24873.0,185984,0.0037900000000000004,247.1,social_media
2017-04-23,34949.0,27137.0,154407,0.0035,185.7,organic_search
2022-12-21,19702.0,15507.0,100991,0.0047,230.8,direct
2018-11-11,18244.0,14668.0,98163,0.00532,291.4,email_campaign
2015-03-31,23712.0,17041.0,118451,0.00334,235.6,organic_search
2014-11-03,9271.0,7343.0,50990,0.00336,281.7,organic_search
2017-01-04,10925.0,8136.0,50441,0.0038400000000000005,228.1,email_campaign
2019-01-15,13831.0,10313.0,63195,0.0057,181.0,paid_search
2016-06-22,27007.0,19832.0,96954,0.00517,280.0,social_media
2019-01-17,14437.0,11002.0,52900,0.00432,100.9,social_media
2015-10-03,15008.0,11370.0,68639,0.0036200000000000004,168.3,paid_search
2020-03-25,30774.0,23044.0,99989,0.00419,165.9,email_campaign
2019-08-21,32523.0,24417.0,117226,0.00459,204.2,email_campaign
2019-02-06,17637.0,13730.0,89322,0.004200000000000001,123.9,referral
2019-11-07,17897.0,13725.0,62005,0.00564,247.4,organic_search
2021-07-26,33451.0,23825.0,147504,0.00354,148.6,paid_search
2019-12-28,20807.0,16864.0,71257,0.00506,113.9,paid_search
2020-12-27,22306.0,16526.0,92481,0.0034600000000000004,281.6,organic_search
2020-01-19,16878.0,13764.0,60169,0.0038900000000000002,297.2,referral
2015-01-07,10147.0,7857.0,33888,0.00572,121.9,social_media
2022-12-15,20742.0,14911.0,103929,0.0034600000000000004,154.9,organic_search
2013-12-20,10678.0,8634.0,38513,0.004050000000000001,256.3,organic_search
2013-06-29,28947.0,21255.0,158795,0.0032700000000000003,305.7,organic_search
2022-08-05,39534.0,30810.0,190411,0.004920000000000001,295.6,social_media
2015-06-26,30769.0,22895.0,140394,0.00476,263.6,organic_search
2014-11-30,12733.0,9914.0,61026,0.0036100000000000004,101.6,paid_search
2020-10-17,21266.0,15812.0,71380,0.0051400000000000005,149.1,paid_search
2021-10-31,19649.0,15891.0,86079,0.00425,215.9,social_media
2018-07-06,29007.0,21919.0,141788,0.00466,187.6,organic_search
2020-05-10,34872.0,25181.0,142645,0.0033200000000000005,239.2,paid_search
2020-05-30,40115.0,28229.0,185694,0.0056,303.8,email_campaign
2019-09-09,24789.0,19384.0,116234,0.00542,271.7,social_media
2020-06-11,42916.0,33063.0,167050,0.00432,137.9,referral
2013-03-01,20573.0,15216.0,82066,0.0047,125.7,organic_search
2018-05-23,29420.0,21478.0,150125,0.00549,144.6,paid_search
2013-12-08,13175.0,9415.0,45023,0.00462,178.1,organic_search
2018-02-01,18158.0,13551.0,99763,0.0032500000000000003,239.1,referral
2020-10-19,19438.0,15597.0,66703,0.0051600000000000005,152.5,organic_search
2018-06-19,37705.0,28117.0,162384,0.00402,208.6,referral
2022-11-29,18099.0,12899.0,87262,0.004260000000000001,181.8,direct
2022-04-29,38774.0,30376.0,149304,0.004050000000000001,143.7,email_campaign
2021-12-11,17639.0,12442.0,89865,0.00404,105.4,paid_search
2017-03-19,30770.0,24465.0,120261,0.00578,293.9,organic_search
2020-09-21,29246.0,22025.0,136066,0.00353,242.2,paid_search
2016-03-20,22946.0,18176.0,88612,0.0036100000000000004,118.7,referral
2020-07-26,34829.0,25520.0,177075,0.004220000000000001,318.3,referral
2017-08-08,30612.0,21678.0,109280,0.0037400000000000003,309.4,organic_search
2021-05-19,40499.0,31915.0,191765,0.00425,142.8,organic_search
2017-01-11,13414.0,9660.0,52857,0.005370000000000001,297.6,email_campaign
2016-11-28,12901.0,10483.0,54139,0.0038300000000000005,306.6,email_campaign
2022-07-13,40352.0,30225.0,200261,0.005050000000000001,242.4,organic_search
2021-09-03,26551.0,19907.0,108115,0.004050000000000001,176.7,social_media
2020-07-11,32050.0,26172.0,133615,0.00506,132.5,organic_search
2017-08-24,31644.0,25469.0,118814,0.004240000000000001,114.5,organic_search
2017-10-08,16925.0,13107.0,66952,0.0041600000000000005,114.9,organic_search
2021-12-20,21881.0,15629.0,75775,0.00385,236.7,email_campaign
2018-03-25,23343.0,18573.0,126488,0.00395,116.0,paid_search
2013-11-14,10545.0,7419.0,41667,0.0049700000000000005,139.8,email_campaign
2013-06-07,26823.0,18932.0,134357,0.0039900000000000005,224.4,email_campaign
2019-12-16,20895.0,15311.0,91106,0.0056500000000000005,219.3,organic_search
2018-05-27,34124.0,25951.0,126584,0.005430000000000001,319.7,organic_search
2014-08-27,24745.0,19165.0,121324,0.00429,299.7,organic_search
2015-04-17,34071.0,26707.0,177596,0.00406,140.7,referral
2014-09-10,17022.0,12401.0,68700,0.00529,102.6,paid_search
2021-10-13,19477.0,15122.0,105026,0.004240000000000001,214.4,direct
2015-07-25,26582.0,18972.0,92409,0.004860000000000001,232.8,organic_search
2014-04-04,33564.0,27006.0,178036,0.00455,230.0,paid_search
2019-12-25,18623.0,13537.0,68299,0.005450000000000001,311.1,paid_search
2018-05-17,36783.0,30142.0,138732,0.004580000000000001,295.8,paid_search
2019-07-17,27662.0,22207.0,118197,0.00453,200.0,organic_search
2013-05-25,26078.0,21237.0,92476,0.00385,141.3,paid_search
2022-02-06,23675.0,18804.0,80717,0.004090000000000001,193.8,direct
2014-02-20,15337.0,11846.0,72379,0.0051400000000000005,287.0,referral
2014-04-05,29571.0,20726.0,141514,0.004430000000000001,301.8,organic_search
2022-01-10,13466.0,10626.0,73474,0.0046500000000000005,237.5,organic_search
2015-02-12,16304.0,13006.0,62018,0.00398,216.9,referral
2015-01-09,12849.0,10119.0,58922,0.004770000000000001,190.4,referral
2020-11-08,18445.0,13486.0,81091,0.00527,190.7,paid_search
2020-12-19,20038.0,15556.0,91258,0.004090000000000001,259.5,paid_search
2015-08-02,25347.0,18517.0,89162,0.0034000000000000002,101.9,direct
2016-02-01,17175.0,13626.0,59868,0.0053300000000000005,148.7,paid_search
2014-08-21,24400.0,18452.0,124494,0.00568,150.4,social_media
2021-09-16,24544.0,20042.0,109761,0.00538,250.7,paid_search
2021-10-08,19762.0,13894.0,102451,0.0036200000000000004,127.6,organic_search
2019-04-17,43808.0,31816.0,223025,0.0053300000000000005,312.6,social_media
2016-01-30,12513.0,9653.0,65920,0.00502,134.5,paid_search
2016-03-22,26309.0,21458.0,121633,0.00536,192.7,direct
2013-10-03,13080.0,9748.0,44993,0.0049900000000000005,125.5,organic_search
2015-07-28,24684.0,17484.0,103037,0.00322,198.9,organic_search
2020-06-16,35345.0,28859.0,181042,0.004410000000000001,162.5,organic_search
2017-08-12,31638.0,24053.0,168384,0.0046500000000000005,198.6,organic_search
2022-11-17,17628.0,12749.0,72696,0.0046300000000000004,224.8,paid_search
2014-11-07,10458.0,7811.0,57426,0.00483,207.9,social_media
2019-07-24,34123.0,25043.0,132316,0.00564,172.2,paid_search
2017-09-23,20569.0,16593.0,70094,0.004240000000000001,198.6,paid_search
2013-05-04,26616.0,18955.0,87588,0.00566,226.5,organic_search
2013-06-24,26497.0,21120.0,97404,0.0036400000000000004,178.5,paid_search
2019-07-07,26042.0,18496.0,95916,0.004,284.6,email_campaign
2019-09-15,25814.0,19980.0,100825,0.0041400000000000005,115.6,paid_search
2022-10-20,25130.0,18775.0,97221,0.005790000000000001,195.9,social_media
2019-09-17,24520.0,18925.0,93825,0.0037,131.4,organic_search
2016-04-05,33961.0,24714.0,144993,0.004730000000000001,148.9,referral
2021-08-25,42700.0,33671.0,212858,0.00335,130.8,organic_search
2016-12-29,15158.0,11598.0,76740,0.0037600000000000003,108.0,social_media
2013-01-08,9456.0,7459.0,31482,0.0044,192.4,paid_search
2017-12-03,16466.0,11801.0,81064,0.00566,104.3,social_media
2015-09-23,17652.0,13079.0,71664,0.00387,318.0,social_media
2013-07-25,24318.0,18975.0,100129,0.0049700000000000005,186.2,direct
2015-11-01,12648.0,10110.0,61721,0.0043,226.0,organic_search
2014-04-30,30939.0,23211.0,133474,0.0035600000000000002,156.9,social_media
2013-11-08,11835.0,9472.0,50627,0.00447,235.1,organic_search
2015-06-12,24605.0,19576.0,116966,0.0036200000000000004,266.6,social_media
2017-11-05,13852.0,11242.0,56895,0.005070000000000001,109.8,organic_search
2017-07-11,26995.0,20036.0,108610,0.0054600000000000004,260.5,email_campaign
2014-10-13,15576.0,11706.0,80230,0.0034300000000000003,158.6,direct
2018-01-20,13626.0,10427.0,68278,0.0037,294.9,social_media
2020-05-13,42210.0,32669.0,194109,0.0033100000000000004,213.7,organic_search
2017-09-22,22964.0,18801.0,98691,0.004350000000000001,131.3,paid_search
2013-02-11,15063.0,11080.0,60064,0.005260000000000001,223.3,paid_search
2017-08-25,33330.0,24632.0,156353,0.00353,166.7,social_media
2015-05-29,34451.0,27090.0,172863,0.0038100000000000005,116.7,referral
2014-01-25,11205.0,8252.0,55016,0.005350000000000001,291.3,organic_search
2017-02-08,18913.0,13297.0,101831,0.0038200000000000005,123.6,organic_search
2022-09-12,27314.0,21746.0,108646,0.0032800000000000004,251.4,direct
2019-10-18,19452.0,14179.0,93419,0.0038900000000000002,317.4,social_media
2015-09-05,19156.0,14479.0,82375,0.0054800000000000005,314.9,email_campaign
2016-05-11,29147.0,20594.0,106696,0.0034900000000000005,101.1,email_campaign
2014-10-17,12793.0,9282.0,56849,0.00388,234.7,paid_search
2015-05-31,27874.0,21527.0,109033,0.0036600000000000005,233.5,referral
2018-06-01,47179.0,37945.0,239522,0.0032,201.2,organic_search
2020-04-25,45937.0,32490.0,245372,0.00576,137.1,referral
2019-12-08,17943.0,13548.0,58328,0.004580000000000001,275.4,email_campaign
2013-02-26,15824.0,11642.0,60025,0.00333,169.9,social_media
2022-09-30,26964.0,19431.0,145584,0.0033900000000000002,305.0,email_campaign
2021-06-28,46294.0,35882.0,202773,0.0032900000000000004,285.4,direct
2021-06-12,44378.0,35506.0,154157,0.005370000000000001,193.4,paid_search
2020-06-13,40898.0,29407.0,172585,0.00391,203.8,organic_search
2021-04-02,44123.0,31584.0,214010,0.005240000000000001,161.5,direct
2020-03-01,36014.0,29488.0,146247,0.0037500000000000003,132.7,email_campaign
2013-01-02,10456.0,8151.0,47611,0.00406,120.5,organic_search
2021-03-21,34445.0,26647.0,124002,0.00406,269.6,social_media
2016-03-28,22971.0,18817.0,123376,0.00333,241.8,paid_search
2013-04-28,26593.0,20990.0,92764,0.00388,199.8,organic_search
2019-10-15,20545.0,15329.0,80622,0.00321,177.1,paid_search
2022-08-01,39152.0,28060.0,179948,0.004580000000000001,254.0,social_media
2020-08-27,38266.0,28828.0,200768,0.00446,246.8,organic_search
2014-04-18,28486.0,23229.0,108624,0.00408,164.3,social_media
2014-09-23,16222.0,11492.0,84429,0.0034600000000000004,233.4,social_media
2022-09-08,25002.0,18438.0,137423,0.00388,146.1,organic_search
2019-10-13,18905.0,14766.0,75139,0.00432,208.8,social_media
2019-11-26,16661.0,12533.0,78488,0.00459,225.3,organic_search
2019-06-20,40522.0,30027.0,211063,0.004540000000000001,288.1,email_campaign
2019-01-27,12775.0,10329.0,44948,0.00478,292.4,paid_search
2017-06-25,36412.0,28892.0,119913,0.00551,317.2,paid_search
2022-02-18,21990.0,15713.0,88203,0.004750000000000001,241.4,paid_search
2020-08-24,33539.0,26264.0,119660,0.00515,126.0,email_campaign
2014-12-25,14984.0,11307.0,62313,0.00371,220.9,organic_search
2015-04-01,29410.0,23296.0,117637,0.0053100000000000005,175.1,organic_search
2016-04-01,35280.0,26110.0,148298,0.003920000000000001,268.9,organic_search
2016-09-19,19562.0,15211.0,102109,0.0041800000000000006,146.7,paid_search
2016-04-28,34354.0,25822.0,179278,0.00337,246.1,organic_search
2017-06-11,35853.0,25199.0,143300,0.0039900000000000005,180.7,email_campaign
2013-08-06,21270.0,15427.0,110319,0.00402,315.4,organic_search
2014-04-06,29897.0,24048.0,113402,0.0036200000000000004,202.1,paid_search
2015-01-06,9268.0,7471.0,38649,0.0051,318.3,email_campaign
2019-02-26,20019.0,14720.0,95647,0.0046300000000000004,274.2,organic_search
2022-09-25,26953.0,19520.0,113157,0.005410000000000001,245.6,paid_search
2021-11-28,19450.0,15869.0,85349,0.004940000000000001,310.0,organic_search
2019-03-27,29291.0,22963.0,143666,0.0037600000000000003,268.8,email_campaign
2020-04-24,37916.0,27243.0,145799,0.0036500000000000005,107.6,referral
2019-08-12,34577.0,26641.0,160627,0.00447,155.7,direct
2015-10-19,14648.0,10830.0,77608,0.00512,196.3,social_media
2022-12-08,22392.0,16875.0,111333,0.00476,210.5,organic_search
2018-01-19,14149.0,10956.0,56631,0.00352,112.1,direct
2014-08-05,25018.0,19903.0,86055,0.00353,213.4,paid_search
2018-10-03,19658.0,15280.0,105418,0.00385,282.1,paid_search
2014-10-31,12268.0,9791.0,56527,0.004580000000000001,291.0,email_campaign
2015-05-27,26401.0,20469.0,119105,0.00574,183.6,organic_search
2022-05-24,41157.0,31416.0,155103,0.00336,294.0,organic_search
2013-04-26,25454.0,18300.0,131458,0.005560000000000001,204.8,social_media
2013-07-12,21395.0,17049.0,79697,0.0046,106.4,referral
2019-02-01,21456.0,16332.0,74218,0.00425,284.6,organic_search
2015-05-08,29160.0,23034.0,109154,0.00429,276.5,social_media
2019-02-13,22905.0,16771.0,80895,0.00493,251.0,paid_search
2018-10-04,18539.0,14197.0,96559,0.0041,301.5,paid_search
2018-01-11,13327.0,10140.0,46271,0.005450000000000001,149.6,direct
2014-03-03,22641.0,15964.0,108362,0.005220000000000001,271.4,organic_search
2018-11-07,16607.0,12795.0,90142,0.0041800000000000006,105.6,social_media
2021-06-19,43105.0,35045.0,148637,0.00338,136.3,organic_search
2022-03-16,32576.0,26436.0,158677,0.0034200000000000003,171.0,organic_search
2017-11-06,14695.0,10725.0,75189,0.00513,120.7,social_media
2016-10-22,17596.0,14020.0,78544,0.004240000000000001,190.1,referral
2021-01-16,15667.0,11566.0,78596,0.00529,286.5,direct
2015-06-25,31624.0,25240.0,150529,0.005220000000000001,175.0,referral
2013-05-27,25522.0,20808.0,123734,0.005,267.2,social_media
2021-08-17,35832.0,25317.0,135797,0.0036100000000000004,205.1,organic_search
2021-05-16,46038.0,32930.0,178309,0.00408,182.2,direct
2021-08-11,30995.0,24667.0,159578,0.00536,156.9,direct
2019-10-29,21438.0,15871.0,83688,0.004070000000000001,272.7,direct
2022-06-05,47723.0,37307.0,253750,0.00398,206.4,organic_search
2016-06-04,33568.0,26608.0,156310,0.0032700000000000003,281.6,organic_search
2015-07-18,22256.0,17049.0,73505,0.0036000000000000003,257.0,social_media
2017-10-28,18092.0,13116.0,88459,0.0056500000000000005,280.4,organic_search
2016-09-06,17889.0,12808.0,78449,0.0039000000000000003,105.0,organic_search
2020-05-23,43072.0,32884.0,203926,0.0034300000000000003,169.8,
2022-02-20,21183.0,16425.0,109932,0.0037400000000000003,173.2,organic_search
2019-04-16,41567.0,33382.0,161203,0.00578,160.7,paid_search
2015-10-14,16989.0,12008.0,81718,0.0056500000000000005,204.6,social_media
2013-12-24,12470.0,9370.0,54463,0.0056300000000000005,281.4,social_media
2022-07-29,29929.0,22065.0,126776,0.0051400000000000005,297.4,paid_search
2021-10-22,24218.0,19711.0,114397,0.0043100000000000005,204.0,paid_search
2022-02-10,23043.0,16686.0,100004,0.004540000000000001,216.1,organic_search
2022-10-22,22443.0,16339.0,94221,0.00398,114.1,paid_search
2016-12-06,16069.0,11394.0,53670,0.0034400000000000003,198.8,email_campaign
2019-03-31,29648.0,21628.0,136636,0.00542,169.2,referral
2021-10-07,24821.0,18161.0,83730,0.00387,193.1,social_media
2020-06-01,43625.0,34300.0,175784,0.00338,282.6,social_media
2022-02-22,21137.0,16301.0,109650,0.0036200000000000004,185.5,paid_search
2021-04-03,41643.0,30558.0,161901,0.004770000000000001,166.6,organic_search
2018-01-10,14394.0,10246.0,55185,0.00453,202.3,social_media
2016-10-12,16384.0,12184.0,80295,0.0037700000000000003,315.8,email_campaign
2016-06-01,30361.0,23705.0,131150,0.00322,112.3,social_media
2022-06-03,47464.0,35006.0,215933,0.004260000000000001,188.3,email_campaign
2013-12-26,13040.0,9292.0,57219,0.005390000000000001,314.3,organic_search
2015-11-12,13903.0,11236.0,61201,0.00525,265.5,email_campaign
2019-01-07,15866.0,12380.0,77357,0.0036200000000000004,241.1,direct
2021-07-22,32412.0,25523.0,158492,0.0034100000000000003,131.8,organic_search
2016-03-01,26992.0,21032.0,117947,0.0048200000000000005,270.4,paid_search
2018-11-27,15933.0,11620.0,54362,0.00523,255.0,social_media
2019-08-16,37711.0,26507.0,123132,0.004050000000000001,245.5,paid_search
2016-02-26,18006.0,13934.0,57841,0.004690000000000001,124.5,organic_search
2014-10-12,13762.0,10895.0,57265,0.00372,230.1,paid_search
2014-06-27,31165.0,23193.0,117512,0.00372,115.8,paid_search
2022-05-26,44370.0,32896.0,225409,0.00417,211.5,organic_search
2019-10-23,21124.0,15901.0,77921,0.0053300000000000005,148.2,organic_search
2016-11-06,14121.0,11290.0,69354,0.00322,101.3,social_media
2017-06-04,35649.0,26916.0,179071,0.0038200000000000005,260.0,paid_search
2017-04-01,38431.0,28563.0,187339,0.00481,266.5,paid_search
2020-06-21,44397.0,31865.0,205562,0.00406,142.0,social_media
2016-05-06,27614.0,21353.0,147246,0.00508,190.0,email_campaign
2015-03-02,22178.0,17801.0,84529,0.0056700000000000006,164.9,referral
2021-09-17,27224.0,19381.0,129910,0.00478,221.8,organic_search
2018-03-22,28583.0,20430.0,141889,0.0047,196.4,referral
2020-01-26,16293.0,12595.0,71297,0.0041400000000000005,296.9,referral
2016-04-12,37526.0,28901.0,149781,0.005390000000000001,157.9,organic_search
2013-12-18,13825.0,10901.0,72395,0.0045000000000000005,154.0,organic_search
2017-07-13,27766.0,21735.0,135675,0.0033900000000000002,100.2,direct
2017-12-20,15328.0,12099.0,75750,0.005520000000000001,285.6,social_media
2020-02-28,20116.0,15109.0,93423,0.005410000000000001,197.2,direct
2015-09-09,18587.0,13758.0,87916,0.0041400000000000005,190.1,direct
2022-07-14,33730.0,26590.0,136867,0.005350000000000001,200.5,paid_search
2018-04-19,40961.0,33526.0,201133,0.00574,259.9,referral
2016-09-01,21640.0,17149.0,109678,0.0036400000000000004,204.0,social_media
2019-11-03,16872.0,12686.0,57144,0.00561,191.2,organic_search
2021-11-07,18751.0,13247.0,74916,0.004710000000000001,241.0,social_media
2021-08-19,34659.0,26539.0,156110,0.004880000000000001,240.4,referral
2015-05-20,30494.0,24191.0,126406,0.0035700000000000003,298.0,social_media
2018-03-10,25362.0,19672.0,85753,0.00394,311.6,organic_search
2014-08-18,24284.0,18786.0,92056,0.00337,305.5,organic_search
2016-04-21,33532.0,25443.0,151168,0.00393,107.6,referral
2017-02-18,16868.0,13003.0,64837,0.0040100000000000005,275.6,organic_search
2020-05-16,41763.0,33618.0,147559,0.00398,110.5,social_media
2020-02-16,23340.0,16388.0,118409,0.00555,204.3,direct
2015-01-16,11982.0,8884.0,42069,0.005540000000000001,294.7,organic_search
2019-01-01,13010.0,10036.0,51325,0.00495,219.9,paid_search
2019-01-25,12789.0,9244.0,55846,0.0043100000000000005,307.5,organic_search
2022-02-24,27069.0,19148.0,131958,0.0037900000000000004,157.7,direct
2020-09-06,27527.0,21630.0,108802,0.0036500000000000005,208.6,email_campaign
2018-09-07,24675.0,18579.0,111428,0.00538,318.4,social_media
2022-08-11,39582.0,27936.0,160850,0.00547,212.8,organic_search
2017-05-31,33594.0,25749.0,174323,0.00519,102.6,social_media
2015-11-09,14367.0,11128.0,65336,0.00464,129.1,direct
2019-01-08,15100.0,11084.0,66828,0.005690000000000001,118.8,paid_search
2014-03-25,20978.0,15803.0,73386,0.0051600000000000005,114.2,email_campaign
2016-01-10,13236.0,9859.0,64108,0.0048400000000000006,105.5,email_campaign
2016-05-12,32448.0,26326.0,125722,0.00432,316.3,email_campaign
2016-12-18,15169.0,11685.0,62649,0.0037300000000000002,222.6,paid_search
2021-04-15,46066.0,36105.0,162617,0.004690000000000001,310.4,organic_search
2016-06-18,34886.0,27062.0,161199,0.00367,265.2,paid_search
2021-04-20,42582.0,31626.0,150485,0.0038,111.5,organic_search
2015-07-01,20602.0,16457.0,79358,0.0035700000000000003,300.4,paid_search
2016-11-11,14481.0,10750.0,60880,0.00334,318.5,paid_search
2017-09-12,22613.0,15960.0,108189,0.0036100000000000004,171.2,referral
2015-11-17,11316.0,8912.0,55403,0.0041,159.0,social_media
2020-04-26,38854.0,30987.0,129370,0.00427,144.5,referral
2014-09-30,18116.0,14166.0,65756,0.0037,240.4,social_media
2017-06-10,33686.0,24717.0,143139,0.0038,305.6,organic_search
2020-06-09,42655.0,31413.0,156535,0.00369,154.7,email_campaign
2022-07-23,37128.0,28407.0,172419,0.0049,290.9,referral
2020-12-23,19179.0,14954.0,95061,0.005690000000000001,292.5,email_campaign
2021-02-01,24811.0,19041.0,121401,0.0034800000000000005,190.4,social_media
2021-09-27,27562.0,22060.0,142951,0.0045000000000000005,118.0,paid_search
2022-11-27,17259.0,13973.0,64284,0.005260000000000001,187.4,email_campaign
2015-08-23,26494.0,18687.0,102152,0.0035800000000000003,195.3,paid_search
2021-10-18,21604.0,16693.0,98358,0.0045000000000000005,253.1,referral
2014-01-13,11373.0,8627.0,58511,0.0034500000000000004,159.0,direct
2018-05-25,37954.0,29878.0,178017,0.0048000000000000004,269.4,social_media
2013-01-20,10270.0,8030.0,35184,0.0050100000000000006,283.9,email_campaign
2015-01-26,12273.0,9523.0,52623,0.0036600000000000005,301.7,referral
2019-08-26,33250.0,25753.0,150733,0.0038,134.7,paid_search
2015-01-31,10453.0,7595.0,51485,0.004350000000000001,123.4,email_campaign
2020-08-06,35171.0,25902.0,161966,0.00395,244.1,organic_search
2018-07-16,25962.0,20845.0,116096,0.0032300000000000002,190.7,organic_search
2017-05-22,30096.0,23024.0,119937,0.0050100000000000006,254.2,social_media
2019-08-02,36313.0,26157.0,152843,0.00495,136.5,organic_search
2021-11-21,19555.0,14372.0,70710,0.00453,186.5,paid_search
2019-09-01,26185.0,18902.0,87206,0.0038,295.5,organic_search
2019-09-27,24131.0,18595.0,129342,0.005200000000000001,308.8,referral
2022-02-12,24012.0,19085.0,104955,0.004750000000000001,128.7,referral
2022-04-24,50247.0,38699.0,164392,0.00485,125.8,paid_search
2013-10-01,13710.0,9680.0,52584,0.0032400000000000003,209.8,email_campaign
2022-12-03,21813.0,17728.0,70937,0.0038900000000000002,124.3,email_campaign
2013-02-03,14372.0,10507.0,72606,0.0043,215.7,social_media
2015-02-24,17173.0,13667.0,71689,0.00513,142.9,organic_search
2014-06-09,30401.0,24133.0,102124,0.0034200000000000003,142.4,organic_search
2017-08-29,32051.0,23655.0,174402,0.00478,267.7,organic_search
2019-06-16,38327.0,30471.0,137920,0.0053100000000000005,206.7,referral
2022-11-22,19652.0,15391.0,73281,0.00411,120.5,organic_search
2022-09-09,26537.0,21323.0,122541,0.00483,108.9,organic_search
2017-07-17,25338.0,19798.0,118388,0.004940000000000001,118.4,social_media
2015-01-21,11368.0,8795.0,37330,0.005580000000000001,135.7,paid_search
2022-03-01,35076.0,24922.0,188403,0.00451,128.5,paid_search
2020-07-04,36231.0,25655.0,167563,0.0035800000000000003,262.5,email_campaign
2021-03-03,37125.0,27617.0,174633,0.00415,299.1,organic_search
2019-06-24,42129.0,32514.0,163901,0.00478,180.4,organic_search
2016-02-27,15907.0,11168.0,82608,0.0043,205.6,email_campaign
2016-10-09,13627.0,9848.0,63580,0.00504,239.5,paid_search
2013-12-05,12296.0,8669.0,53642,0.0032900000000000004,227.5,referral
2021-09-10,24570.0,18030.0,128972,0.005560000000000001,272.2,social_media
2021-06-24,46126.0,36500.0,189683,0.00479,146.7,referral
2016-03-25,25460.0,18987.0,117893,0.00387,194.2,social_media
2013-08-29,23147.0,16818.0,83676,0.00408,183.8,organic_search
2021-06-02,42831.0,31013.0,182212,0.0046700000000000005,265.3,social_media
2018-01-13,11440.0,8719.0,61413,0.00551,272.6,paid_search
2020-10-01,21266.0,16930.0,76549,0.0054,227.6,email_campaign
2019-05-28,37280.0,27314.0,163509,0.00372,212.8,direct
2017-02-23,19901.0,15174.0,92090,0.0056300000000000005,109.5,paid_search
2015-11-26,12460.0,9654.0,42889,0.00506,298.6,organic_search
2015-09-08,19746.0,13838.0,93992,0.00498,132.1,organic_search
2021-11-05,20400.0,15416.0,95780,0.00459,217.1,social_media
2020-07-25,31945.0,23339.0,162927,0.00578,213.3,direct
2020-02-02,20865.0,14896.0,68465,0.00572,106.7,paid_search
2022-07-07,35410.0,25983.0,147788,0.00404,260.6,email_campaign
2015-03-08,23101.0,16215.0,83326,0.00425,240.2,organic_search
2016-11-27,13309.0,9682.0,72788,0.004200000000000001,174.3,paid_search
2013-03-29,19856.0,14231.0,93944,0.00555,218.4,social_media
2020-04-27,48189.0,38503.0,216284,0.00445,281.2,organic_search
2015-04-10,31701.0,23905.0,138034,0.0032400000000000003,250.5,email_campaign
2022-05-03,43413.0,33025.0,178141,0.00351,125.9,organic_search
2016-03-04,26344.0,19353.0,103165,0.00447,270.7,referral
2016-11-30,14123.0,10842.0,56376,0.00495,289.5,organic_search
2019-02-22,22545.0,16491.0,102964,0.0054,213.9,paid_search
2014-07-23,20563.0,16788.0,99371,0.00354,307.5,referral
2017-09-28,21195.0,16470.0,108775,0.0048400000000000006,244.4,referral
2013-06-22,26367.0,21250.0,113536,0.004070000000000001,255.4,paid_search
2015-12-09,16326.0,12045.0,69015,0.005450000000000001,269.1,paid_search
2018-07-03,28774.0,21475.0,109317,0.0036300000000000004,161.3,social_media
2016-09-07,23068.0,16975.0,76283,0.00485,249.0,social_media
2018-02-07,22384.0,17511.0,84703,0.00466,118.5,organic_search
2013-11-16,10651.0,7729.0,53104,0.00423,159.4,social_media
2021-12-09,20773.0,16717.0,100580,0.004390000000000001,300.4,paid_search
2017-03-10,25479.0,20206.0,107208,0.0034300000000000003,121.4,paid_search
2018-02-27,21338.0,17159.0,70800,0.0050100000000000006,301.0,organic_search
2019-03-05,30840.0,24990.0,162661,0.005730000000000001,225.1,email_campaign
2013-04-29,30100.0,21412.0,127202,0.00508,142.8,direct
2014-06-20,30816.0,22914.0,118380,0.004940000000000001,299.4,social_media
2019-10-27,19575.0,13980.0,72485,0.004410000000000001,209.3,direct
2015-04-13,32788.0,25880.0,169275,0.004200000000000001,121.1,referral
2016-10-24,16565.0,12863.0,81578,0.004260000000000001,263.5,referral
2014-07-15,23206.0,18797.0,74689,0.0039700000000000004,160.4,paid_search
2019-05-11,42448.0,32625.0,208628,0.004090000000000001,309.2,organic_search
2016-10-28,16013.0,12025.0,51729,0.0036200000000000004,191.4,organic_search
2016-08-19,28446.0,20582.0,92462,0.004920000000000001,218.6,paid_search
2016-10-27,16121.0,11701.0,83758,0.00442,220.9,organic_search
2016-03-24,27354.0,21211.0,133470,0.0041400000000000005,228.7,referral
2016-09-15,21936.0,17311.0,112756,0.005520000000000001,224.3,referral
2020-02-15,23915.0,18996.0,123972,0.00335,177.7,email_campaign
2013-11-09,11950.0,8786.0,61115,0.005770000000000001,316.8,social_media
2019-06-04,40229.0,32190.0,185194,0.00521,130.0,organic_search
2021-12-02,17604.0,12796.0,62792,0.004200000000000001,160.4,email_campaign
2015-09-30,17523.0,13440.0,57686,0.005090000000000001,284.6,organic_search
2014-08-30,24035.0,19477.0,110772,0.0034100000000000003,115.1,paid_search
2013-07-23,20992.0,16978.0,97061,0.0041400000000000005,201.3,social_media
2015-03-09,23240.0,17341.0,117770,0.00544,181.2,referral
2021-03-18,35408.0,28839.0,182242,0.005790000000000001,124.5,organic_search
2017-10-23,16768.0,12376.0,70432,0.004940000000000001,101.3,organic_search
2017-06-18,32370.0,23780.0,143718,0.00394,253.9,paid_search
2022-06-30,43026.0,32328.0,194772,0.004220000000000001,301.0,paid_search
2018-09-11,22565.0,16306.0,114735,0.00572,100.7,email_campaign
2019-07-29,29279.0,21774.0,139901,0.00432,237.0,paid_search
2020-05-15,40677.0,32433.0,199382,0.00547,105.8,paid_search
2019-01-29,14448.0,11220.0,68530,0.00336,169.9,organic_search
2017-11-17,15449.0,10944.0,60520,0.00578,261.8,organic_search
2017-09-13,23911.0,16994.0,111917,0.00321,145.2,organic_search
2016-01-15,12653.0,10155.0,55447,0.004520000000000001,290.1,N/A
2019-06-07,37857.0,27285.0,143379,0.0037600000000000003,219.3,organic_search
2013-01-16,9373.0,7503.0,37034,0.00446,284.4,paid_search
2020-11-24,18796.0,13402.0,84515,0.00393,141.6,paid_search
2022-04-18,44198.0,31257.0,158705,0.005240000000000001,219.7,social_media
2018-10-21,16474.0,13416.0,72338,0.005050000000000001,168.9,organic_search
2021-11-22,20461.0,16499.0,82338,0.00355,163.2,email_campaign
2021-07-10,31779.0,22917.0,150809,0.0056500000000000005,120.0,referral
2013-11-20,11167.0,9011.0,38482,0.0032900000000000004,136.0,social_media
2020-09-10,24599.0,17738.0,105977,0.00474,124.4,social_media
2017-09-04,22223.0,17808.0,119084,0.00525,134.6,referral
2022-01-13,17441.0,13941.0,74021,0.00551,316.7,organic_search
2021-10-17,20591.0,15415.0,74234,0.00368,201.4,organic_search
2016-10-11,15134.0,11420.0,51660,0.00351,194.3,paid_search
2022-08-19,41063.0,31131.0,138743,0.00472,275.3,organic_search
2014-05-02,31644.0,24370.0,153075,0.0032700000000000003,123.1,direct
2020-08-17,34854.0,28022.0,118396,0.0053300000000000005,125.2,organic_search
2016-02-14,19163.0,14357.0,70990,0.0046,161.3,email_campaign
2021-08-21,35239.0,27158.0,150437,0.0037400000000000003,288.1,social_media
2022-11-12,19558.0,13749.0,79761,0.005580000000000001,219.3,paid_search
2018-01-31,13111.0,10727.0,55626,0.0038200000000000005,240.7,organic_search
2017-10-07,19468.0,13738.0,96644,0.0038300000000000005,137.9,organic_search
2015-04-28,31168.0,23641.0,123478,0.00521,238.8,social_media
2022-12-29,20884.0,14640.0,82155,0.005220000000000001,165.6,direct
2013-12-21,11879.0,8813.0,56301,0.0034100000000000003,119.1,email_campaign
2019-01-04,15690.0,11339.0,79556,0.00549,210.1,paid_search
2015-04-12,33695.0,23984.0,164092,0.00457,188.3,social_media
2021-06-06,40909.0,32161.0,150967,0.00449,169.9,social_media
2017-03-28,27352.0,19599.0,104654,0.00538,216.2,email_campaign
2020-05-21,37203.0,26829.0,195525,0.0033,195.7,paid_search
2014-01-17,10035.0,7721.0,34898,0.0051400000000000005,163.8,organic_search
2016-04-06,34563.0,26040.0,176971,0.0037900000000000004,288.0,social_media
2013-02-12,15368.0,11408.0,65858,0.0036300000000000004,162.4,social_media
2017-04-24,39024.0,29763.0,128812,0.005280000000000001,122.4,social_media
2020-04-07,40824.0,30012.0,205218,0.0034800000000000005,161.2,referral
2015-12-12,15008.0,11400.0,58168,0.0056500000000000005,270.1,social_media
2019-12-11,17449.0,14297.0,63628,0.00337,300.3,paid_search
2021-11-01,20235.0,14266.0,81756,0.00525,197.9,organic_search
2014-04-13,32172.0,24250.0,152724,0.004390000000000001,120.4,organic_search
2015-12-29,16001.0,12904.0,61587,0.00421,125.4,organic_search
2013-04-22,28085.0,22427.0,141532,0.004880000000000001,302.2,email_campaign
2018-08-10,33078.0,25094.0,169398,0.004690000000000001,255.2,paid_search
2016-07-01,27643.0,19559.0,99053,0.00395,318.0,social_media
2021-05-18,40506.0,32133.0,144075,0.00576,222.9,organic_search
2016-04-25,31532.0,22488.0,150805,0.005690000000000001,268.7,organic_search
2021-09-21,28567.0,20425.0,111680,0.00534,279.9,referral
2020-11-07,17082.0,12711.0,79468,0.005690000000000001,233.5,referral
2020-08-13,40215.0,29520.0,205003,0.005770000000000001,279.0,organic_search
2014-11-12,12915.0,9215.0,50492,0.0036300000000000004,302.8,paid_search
2017-01-03,11507.0,8946.0,55783,0.00542,226.0,organic_search
2016-04-04,31700.0,22496.0,119980,0.00468,141.6,organic_search
2022-10-27,21533.0,16570.0,81302,0.0034800000000000005,207.3,social_media
2013-09-28,19359.0,15652.0,74052,0.0038200000000000005,154.5,paid_search
2017-12-15,16696.0,12618.0,88119,0.0035900000000000003,256.2,organic_search
2017-11-26,15331.0,11878.0,56009,0.0049700000000000005,140.4,social_media
2014-07-24,20142.0,15456.0,101375,0.004390000000000001,170.9,email_campaign
2022-04-01,42144.0,30733.0,195904,0.004690000000000001,228.2,organic_search
2018-09-21,26491.0,19068.0,135595,0.004200000000000001,265.6,social_media
2017-08-15,35864.0,25366.0,115515,0.00534,219.2,organic_search
2015-08-14,27482.0,20412.0,94726,0.0037800000000000004,149.4,paid_search
2018-08-05,32477.0,26417.0,177486,0.0037900000000000004,278.5,organic_search
2013-05-17,24122.0,18498.0,132379,0.00353,308.1,organic_search
2016-10-07,18947.0,14466.0,88287,0.0037500000000000003,130.4,social_media
2014-07-17,24173.0,17451.0,106949,0.00525,242.9,paid_search
2022-12-18,22512.0,17217.0,76624,0.00521,233.8,email_campaign
2019-06-12,39967.0,28872.0,162871,0.0035,163.6,organic_search
